TextBox29,TextBox39,TextBox52,TextBox59,TextBox65,TextBox71,TextBox68,TextBox62,TextBox55,TextBox49,TextBox40,TextBox95,TextBox92,TextBox76,TextBox105,TextBox14,TextBox6
"07/01/2026 10:00:00","04630963","1046866","","Mackays Marketing","LMB - East Palmerston","06/26/2026 00:00:00","5","BananaCavendishPremium XL15kg CartonGreen","60","","","","","","",""
"07/01/2026 10:00:00","04630963","1046867","","Mackays Marketing","LMB - East Palmerston","06/26/2026 00:00:00","5","BananaCavendishPremium XL15kg CartonGreen","60","","","","","","",""
"07/01/2026 10:00:00","04630963","1046868","","Mackays Marketing","LMB - East Palmerston","06/26/2026 00:00:00","5","BananaCavendishPremium XL15kg CartonGreen","60","","","","","","",""
"07/01/2026 10:00:00","04630963","1046869","","Mackays Marketing","LMB - East Palmerston","06/26/2026 00:00:00","5","BananaCavendishPremium XL15kg CartonGreen","60","","","","","","",""
"07/01/2026 10:00:00","04630963","1046870","","Mackays Marketing","LMB - East Palmerston","06/26/2026 00:00:00","5","BananaCavendishPremium XL15kg CartonGreen","60","","","","","","",""
"07/01/2026 10:00:00","04630963","1046871","","Mackays Marketing","LMB - East Palmerston","06/26/2026 00:00:00","5","BananaCavendishPremium XL15kg CartonGreen","60","","","","","","",""
"07/01/2026 10:00:00","04630963","1046872","","Mackays Marketing","LMB - East Palmerston","06/26/2026 00:00:00","5","BananaCavendishPremium XL15kg CartonGreen","60","","","","","","",""
"07/01/2026 10:00:00","04630963","1046873","","Mackays Marketing","LMB - East Palmerston","06/26/2026 00:00:00","5","BananaCavendishPremium XL15kg CartonGreen","60","","","","","","",""
"07/01/2026 10:00:00","04630963","1046874","","Mackays Marketing","LMB - East Palmerston","06/26/2026 00:00:00","5","BananaCavendishPremium XL15kg CartonGreen","60","","","","","","",""
"07/01/2026 10:00:00","04630963","1046875","","Mackays Marketing","LMB - East Palmerston","06/26/2026 00:00:00","5","BananaCavendishPremium XL15kg CartonGreen","60","","","","","","",""
"07/01/2026 10:00:00","04630963","1046876","","Mackays Marketing","LMB - East Palmerston","06/26/2026 00:00:00","5","BananaCavendishPremium XL15kg CartonGreen","60","","","","","","",""
"07/01/2026 10:00:00","04630963","1046877","","Mackays Marketing","LMB - East Palmerston","06/26/2026 00:00:00","5","BananaCavendishPremium XL15kg CartonGreen","60","","","","","","",""
"07/01/2026 10:00:00","04630963","1046878","","Mackays Marketing","LMB - East Palmerston","06/26/2026 00:00:00","5","BananaCavendishPremium XL15kg CartonGreen","60","","","","","","",""
"07/01/2026 10:00:00","04630963","1046879","","Mackays Marketing","LMB - East Palmerston","06/26/2026 00:00:00","5","BananaCavendishPremium XL15kg CartonGreen","60","","","","","","",""
"07/01/2026 10:00:00","04630963","1046880","","Mackays Marketing","LMB - East Palmerston","06/26/2026 00:00:00","5","BananaCavendishPremium XL15kg CartonGreen","60","","","","","","",""
"07/01/2026 10:00:00","04630963","1046881","","Mackays Marketing","LMB - East Palmerston","06/26/2026 00:00:00","5","BananaCavendishPremium XL15kg CartonGreen","60","","","","","","",""
"07/01/2026 10:00:00","04630963","1046882","","Mackays Marketing","LMB - East Palmerston","06/26/2026 00:00:00","5","BananaCavendishPremium XL15kg CartonGreen","60","","","","","","",""
"07/01/2026 10:00:00","04630963","1046883","","Mackays Marketing","LMB - East Palmerston","06/26/2026 00:00:00","5","BananaCavendishPremium XL15kg CartonGreen","60","","","","","","",""
"07/01/2026 10:00:00","04630963","1046884","","Mackays Marketing","LMB - East Palmerston","06/26/2026 00:00:00","5","BananaCavendishPremium XL15kg CartonGreen","60","","","","","","",""
"07/01/2026 10:00:00","04630963","1046885","","Mackays Marketing","LMB - East Palmerston","06/26/2026 00:00:00","5","BananaCavendishPremium XL15kg CartonGreen","60","","","","","","",""
"07/01/2026 10:00:00","04630963","1046886","","Mackays Marketing","LMB - East Palmerston","06/26/2026 00:00:00","5","BananaCavendishPremium XL15kg CartonGreen","54","","","","","","",""
"07/01/2026 10:00:00","04630963","1046887","","Mackays Marketing","LMB - East Palmerston","06/26/2026 00:00:00","5","BananaCavendishPremium XL15kg CartonGreen","54","","","","","","",""
"","","","","","","","","","","","","","","","","1308"
"07/01/2026 10:00:00","29164","1047032","","Mackays Marketing","Serra Farming","06/26/2026 00:00:00","5","BananaCavendishPremiumL750Bands - Coles","66","","","","","","",""
"07/01/2026 10:00:00","29164","1047033","","Mackays Marketing","Serra Farming","06/26/2026 00:00:00","5","BananaCavendishPremiumL750Bands - Coles","66","","","","","","",""
"07/01/2026 10:00:00","29164","1047034","","Mackays Marketing","Serra Farming","06/26/2026 00:00:00","5","BananaCavendishPremiumL750Bands - Coles","66","","","","","","",""
"07/01/2026 10:00:00","29164","1047035","","Mackays Marketing","Serra Farming","06/26/2026 00:00:00","5","BananaCavendishPremiumL750Bands - Coles","66","","","","","","",""
"07/01/2026 10:00:00","29164","1047036","","Mackays Marketing","Serra Farming","06/26/2026 00:00:00","5","BananaCavendishPremiumL750Bands - Coles","66","","","","","","",""
"07/01/2026 10:00:00","29164","1047037","","Mackays Marketing","Serra Farming","06/26/2026 00:00:00","5","BananaCavendishPremiumL750Bands - Coles","66","","","","","","",""
"07/01/2026 10:00:00","29164","1047038","","Mackays Marketing","Serra Farming","06/26/2026 00:00:00","5","BananaCavendishPremiumL750Bands - Coles","66","","","","","","",""
"","","","","","","","","","","","","","","","","462"
"07/01/2026 10:00:00","340 - 572593","5027532","1","APP - Marketing","JAH Farming","06/24/2026 00:00:00","7","OrganicBananaCavendishClass 1XL10kg Carton","80","","","","","","",""
"","","","","","","","","","","","","","","","","80"
"07/01/2026 10:00:00","587812","3064898","","Mackays Marketing","Mackays - Gold Tyne","06/25/2026 00:00:00","6","BananaCavendishPremiumL750Bands - Coles","66","","","","","","",""
"07/01/2026 10:00:00","587812","3064899","","Mackays Marketing","Mackays - Gold Tyne","06/25/2026 00:00:00","6","BananaCavendishPremiumL750Bands - Coles","66","","","","","","",""
"07/01/2026 10:00:00","587812","3064900","","Mackays Marketing","Mackays - Gold Tyne","06/25/2026 00:00:00","6","BananaCavendishPremiumL750Bands - Coles","66","","","","","","",""
"07/01/2026 10:00:00","587812","3064901","","Mackays Marketing","Mackays - Gold Tyne","06/25/2026 00:00:00","6","BananaCavendishPremiumL750Bands - Coles","66","","","","","","",""
"07/01/2026 10:00:00","587812","3064902","","Mackays Marketing","Mackays - Gold Tyne","06/25/2026 00:00:00","6","BananaCavendishPremiumL750Bands - Coles","66","","","","","","",""
"07/01/2026 10:00:00","587812","3064903","","Mackays Marketing","Mackays - Gold Tyne","06/25/2026 00:00:00","6","BananaCavendishPremiumL750Bands - Coles","66","","","","","","",""
"07/01/2026 10:00:00","587812","3064904","","Mackays Marketing","Mackays - Gold Tyne","06/25/2026 00:00:00","6","BananaCavendishPremiumL750Bands - Coles","66","","","","","","",""
"07/01/2026 10:00:00","587812","3064905","","Mackays Marketing","Mackays - Gold Tyne","06/25/2026 00:00:00","6","BananaCavendishPremiumL750Bands - Coles","66","","","","","","",""
"07/01/2026 10:00:00","587812","3064906","","Mackays Marketing","Mackays - Gold Tyne","06/25/2026 00:00:00","6","BananaCavendishPremiumL750Bands - Coles","66","","","","","","",""
"07/01/2026 10:00:00","587812","3064907","","Mackays Marketing","Mackays - Gold Tyne","06/25/2026 00:00:00","6","BananaCavendishPremiumL750Bands - Coles","66","","","","","","",""
"07/01/2026 10:00:00","587812","3064908","","Mackays Marketing","Mackays - Gold Tyne","06/25/2026 00:00:00","6","BananaCavendishPremiumL750Bands - Coles","66","","","","","","",""
"07/01/2026 10:00:00","587812","3064909","","Mackays Marketing","Mackays - Gold Tyne","06/25/2026 00:00:00","6","BananaCavendishPremiumL750Bands - Coles","66","","","","","","",""
"07/01/2026 10:00:00","587812","3064910","","Mackays Marketing","Mackays - Gold Tyne","06/25/2026 00:00:00","6","BananaCavendishPremiumL750Bands - Coles","66","","","","","","",""
"","","","","","","","","","","","","","","","","858"
"07/01/2026 10:00:00","8700131603","5027527","1","Costa Avocado","Costa Avocado","06/25/2026 00:00:00","6","AvocadoHassPremium 16Avo Tray","160","","","","","","",""
"07/01/2026 10:00:00","8700131603","5027528","2","Costa Avocado","Costa Avocado","06/25/2026 00:00:00","6","AvocadoHassPremium 20Avo Tray","160","","","","","","",""
"07/01/2026 10:00:00","8700131603","5027529","3","Costa Avocado","Costa Avocado","06/25/2026 00:00:00","6","AvocadoHassPremium 20Avo Tray","160","","","","","","",""
"07/01/2026 10:00:00","8700131603","5027530","4","Costa Avocado","Costa Avocado","06/25/2026 00:00:00","6","AvocadoHassPremium 20Avo Tray","160","","","","","","",""
"07/01/2026 10:00:00","8700131603","5027531","5","Costa Avocado","Costa Avocado","06/25/2026 00:00:00","6","AvocadoHassPremium 20Avo Tray","160","","","","","","",""
"","","","","","","","","","","","","","","","","800"
"07/01/2026 10:00:00","MK00075 ","5027576","1","The Avocado Collective","The Avocado Collective","06/26/2026 00:00:00","5","AvocadoHassPremium 23Avo Tray","160","","","","","","",""
"07/01/2026 10:00:00","MK00075 ","5027577","2","The Avocado Collective","The Avocado Collective","06/26/2026 00:00:00","5","AvocadoHassPremium 23Avo Tray","160","","","","","","",""
"","","","","","","","","","","","","","","","","320"
"07/01/2026 12:00:00","29163","1047010","","Mackays Marketing","Serra Farming","06/26/2026 00:00:00","5","BananaCavendishPremium XL15kg CartonGreen","60","","","","","","",""
"07/01/2026 12:00:00","29163","1047011","","Mackays Marketing","Serra Farming","06/26/2026 00:00:00","5","BananaCavendishPremium XL15kg CartonGreen","60","","","","","","",""
"07/01/2026 12:00:00","29163","1047012","","Mackays Marketing","Serra Farming","06/26/2026 00:00:00","5","BananaCavendishPremium XL15kg CartonGreen","60","","","","","","",""
"07/01/2026 12:00:00","29163","1047013","","Mackays Marketing","Serra Farming","06/26/2026 00:00:00","5","BananaCavendishPremium XL15kg CartonGreen","60","","","","","","",""
"07/01/2026 12:00:00","29163","1047014","","Mackays Marketing","Serra Farming","06/26/2026 00:00:00","5","BananaCavendishPremium XL15kg CartonGreen","60","","","","","","",""
"07/01/2026 12:00:00","29163","1047015","","Mackays Marketing","Serra Farming","06/26/2026 00:00:00","5","BananaCavendishPremium XL15kg CartonGreen","60","","","","","","",""
"07/01/2026 12:00:00","29163","1047016","","Mackays Marketing","Serra Farming","06/26/2026 00:00:00","5","BananaCavendishPremium XL15kg CartonGreen","60","","","","","","",""
"07/01/2026 12:00:00","29163","1047017","","Mackays Marketing","Serra Farming","06/26/2026 00:00:00","5","BananaCavendishPremium XL15kg CartonGreen","60","","","","","","",""
"07/01/2026 12:00:00","29163","1047018","","Mackays Marketing","Serra Farming","06/26/2026 00:00:00","5","BananaCavendishPremium XL15kg CartonGreen","60","","","","","","",""
"07/01/2026 12:00:00","29163","1047019","","Mackays Marketing","Serra Farming","06/26/2026 00:00:00","5","BananaCavendishPremium XL15kg CartonGreen","60","","","","","","",""
"07/01/2026 12:00:00","29163","1047020","","Mackays Marketing","Serra Farming","06/26/2026 00:00:00","5","BananaCavendishPremium XL15kg CartonGreen","60","","","","","","",""
"07/01/2026 12:00:00","29163","1047021","","Mackays Marketing","Serra Farming","06/26/2026 00:00:00","5","BananaCavendishPremium XL15kg CartonGreen","60","","","","","","",""
"07/01/2026 12:00:00","29163","1047022","","Mackays Marketing","Serra Farming","06/26/2026 00:00:00","5","BananaCavendishPremium XL15kg CartonGreen","60","","","","","","",""
"07/01/2026 12:00:00","29163","1047023","","Mackays Marketing","Serra Farming","06/26/2026 00:00:00","5","BananaCavendishPremium XL15kg CartonGreen","60","","","","","","",""
"07/01/2026 12:00:00","29163","1047024","","Mackays Marketing","Serra Farming","06/26/2026 00:00:00","5","BananaCavendishPremium XL15kg CartonGreen","60","","","","","","",""
"07/01/2026 12:00:00","29163","1047025","","Mackays Marketing","Serra Farming","06/26/2026 00:00:00","5","BananaCavendishPremium XL15kg CartonGreen","60","","","","","","",""
"07/01/2026 12:00:00","29163","1047026","","Mackays Marketing","Serra Farming","06/26/2026 00:00:00","5","BananaCavendishPremium XL15kg CartonGreen","60","","","","","","",""
"07/01/2026 12:00:00","29163","1047027","","Mackays Marketing","Serra Farming","06/26/2026 00:00:00","5","BananaCavendishPremium XL15kg CartonGreen","60","","","","","","",""
"07/01/2026 12:00:00","29163","1047028","","Mackays Marketing","Serra Farming","06/26/2026 00:00:00","5","BananaCavendishPremium XL15kg CartonGreen","60","","","","","","",""
"07/01/2026 12:00:00","29163","1047029","","Mackays Marketing","Serra Farming","06/26/2026 00:00:00","5","BananaCavendishPremium XL15kg CartonGreen","60","","","","","","",""
"07/01/2026 12:00:00","29163","1047030","","Mackays Marketing","Serra Farming","06/26/2026 00:00:00","5","BananaCavendishPremium XL15kg CartonGreen","60","","","","","","",""
"07/01/2026 12:00:00","29163","1047031","","Mackays Marketing","Serra Farming","06/26/2026 00:00:00","5","BananaCavendishPremium XL15kg CartonGreen","60","","","","","","",""
"","","","","","","","","","","","","","","","","1320"
"07/01/2026 12:00:00","590633","3064674","","Mackays Marketing","Mackays - Bolinda","06/25/2026 00:00:00","6","BananaCavendishPremium XL15kg CartonGreen","60","","","","","","",""
"07/01/2026 12:00:00","590633","3064675","","Mackays Marketing","Mackays - Bolinda","06/25/2026 00:00:00","6","BananaCavendishPremium XL15kg CartonGreen","60","","","","","","",""
"07/01/2026 12:00:00","590633","3064676","","Mackays Marketing","Mackays - Bolinda","06/25/2026 00:00:00","6","BananaCavendishPremium XL15kg CartonGreen","60","","","","","","",""
"07/01/2026 12:00:00","590633","3064677","","Mackays Marketing","Mackays - Bolinda","06/25/2026 00:00:00","6","BananaCavendishPremium XL15kg CartonGreen","60","","","","","","",""
"07/01/2026 12:00:00","590633","3064678","","Mackays Marketing","Mackays - Bolinda","06/25/2026 00:00:00","6","BananaCavendishPremium XL15kg CartonGreen","60","","","","","","",""
"07/01/2026 12:00:00","590633","3064679","","Mackays Marketing","Mackays - Bolinda","06/25/2026 00:00:00","6","BananaCavendishPremium XL15kg CartonGreen","60","","","","","","",""
"07/01/2026 12:00:00","590633","3064680","","Mackays Marketing","Mackays - Bolinda","06/25/2026 00:00:00","6","BananaCavendishPremium XL15kg CartonGreen","60","","","","","","",""
"07/01/2026 12:00:00","590633","3064681","","Mackays Marketing","Mackays - Bolinda","06/25/2026 00:00:00","6","BananaCavendishPremium XL15kg CartonGreen","60","","","","","","",""
"07/01/2026 12:00:00","590633","3064682","","Mackays Marketing","Mackays - Bolinda","06/25/2026 00:00:00","6","BananaCavendishPremium XL15kg CartonGreen","60","","","","","","",""
"07/01/2026 12:00:00","590633","3064683","","Mackays Marketing","Mackays - Bolinda","06/25/2026 00:00:00","6","BananaCavendishPremium XL15kg CartonGreen","60","","","","","","",""
"07/01/2026 12:00:00","590633","3064684","","Mackays Marketing","Mackays - Bolinda","06/25/2026 00:00:00","6","BananaCavendishPremium XL15kg CartonGreen","60","","","","","","",""
"07/01/2026 12:00:00","590633","3064685","","Mackays Marketing","Mackays - Bolinda","06/25/2026 00:00:00","6","BananaCavendishPremium XL15kg CartonGreen","60","","","","","","",""
"07/01/2026 12:00:00","590633","3064686","","Mackays Marketing","Mackays - Bolinda","06/25/2026 00:00:00","6","BananaCavendishPremium XL15kg CartonGreen","60","","","","","","",""
"07/01/2026 12:00:00","590633","3064687","","Mackays Marketing","Mackays - Bolinda","06/25/2026 00:00:00","6","BananaCavendishPremium XL15kg CartonGreen","60","","","","","","",""
"07/01/2026 12:00:00","590633","3064688","","Mackays Marketing","Mackays - Bolinda","06/25/2026 00:00:00","6","BananaCavendishPremium XL15kg CartonGreen","60","","","","","","",""
"07/01/2026 12:00:00","590633","3064689","","Mackays Marketing","Mackays - Bolinda","06/25/2026 00:00:00","6","BananaCavendishPremium XL15kg CartonGreen","60","","","","","","",""
"07/01/2026 12:00:00","590633","3064690","","Mackays Marketing","Mackays - Bolinda","06/25/2026 00:00:00","6","BananaCavendishPremium XL15kg CartonGreen","60","","","","","","",""
"07/01/2026 12:00:00","590633","3064691","","Mackays Marketing","Mackays - Bolinda","06/25/2026 00:00:00","6","BananaCavendishPremium XL15kg CartonGreen","60","","","","","","",""
"07/01/2026 12:00:00","590633","3064692","","Mackays Marketing","Mackays - Bolinda","06/25/2026 00:00:00","6","BananaCavendishPremium XL15kg CartonGreen","60","","","","","","",""
"07/01/2026 12:00:00","590633","3064693","","Mackays Marketing","Mackays - Bolinda","06/25/2026 00:00:00","6","BananaCavendishPremium XL15kg CartonGreen","60","","","","","","",""
"07/01/2026 12:00:00","590633","3064694","","Mackays Marketing","Mackays - Bolinda","06/25/2026 00:00:00","6","BananaCavendishPremium XL15kg CartonGreen","54","","","","","","",""
"07/01/2026 12:00:00","590633","3064695","","Mackays Marketing","Mackays - Bolinda","06/25/2026 00:00:00","6","BananaCavendishPremium XL15kg CartonGreen","54","","","","","","",""
"","","","","","","","","","","","","","","","","1308"
"07/01/2026 12:00:00","SER-262633","1047104","","Mackays Marketing","Serra Farming - Avocados","06/27/2026 00:00:00","4","AvocadoHassPremium 20Avo Tray","12","","","","","","",""
"07/01/2026 12:00:00","SER-262633","1047105","","Mackays Marketing","Serra Farming - Avocados","06/27/2026 00:00:00","4","AvocadoHassPremium 18Avo Tray","160","","","","","","",""
"07/01/2026 12:00:00","SER-262633","1047106","","Mackays Marketing","Serra Farming - Avocados","06/27/2026 00:00:00","4","AvocadoHassPremium 18Avo Tray","124","","","","","","",""
"07/01/2026 12:00:00","SER-262633","1047107","","Mackays Marketing","Serra Farming - Avocados","06/27/2026 00:00:00","4","AvocadoHassPremium 16Avo Tray","152","","","","","","",""
"","","","","","","","","","","","","","","","","448"
"07/02/2026 10:00:00","04633343","1046910","","Mackays Marketing","LMB - East Palmerston","06/26/2026 00:00:00","5","BananaCavendishPremium XL15kg CartonGreen","60","","","","","","",""
"07/02/2026 10:00:00","04633343","1046911","","Mackays Marketing","LMB - East Palmerston","06/26/2026 00:00:00","5","BananaCavendishPremium XL15kg CartonGreen","60","","","","","","",""
"07/02/2026 10:00:00","04633343","1046912","","Mackays Marketing","LMB - East Palmerston","06/26/2026 00:00:00","5","BananaCavendishPremium XL15kg CartonGreen","60","","","","","","",""
"07/02/2026 10:00:00","04633343","1046913","","Mackays Marketing","LMB - East Palmerston","06/26/2026 00:00:00","5","BananaCavendishPremium XL15kg CartonGreen","60","","","","","","",""
"07/02/2026 10:00:00","04633343","1046914","","Mackays Marketing","LMB - East Palmerston","06/26/2026 00:00:00","5","BananaCavendishPremium XL15kg CartonGreen","60","","","","","","",""
"07/02/2026 10:00:00","04633343","1046915","","Mackays Marketing","LMB - East Palmerston","06/26/2026 00:00:00","5","BananaCavendishPremium XL15kg CartonGreen","60","","","","","","",""
"07/02/2026 10:00:00","04633343","1046916","","Mackays Marketing","LMB - East Palmerston","06/26/2026 00:00:00","5","BananaCavendishPremium XL15kg CartonGreen","60","","","","","","",""
"07/02/2026 10:00:00","04633343","1046917","","Mackays Marketing","LMB - East Palmerston","06/26/2026 00:00:00","5","BananaCavendishPremium XL15kg CartonGreen","60","","","","","","",""
"07/02/2026 10:00:00","04633343","1046918","","Mackays Marketing","LMB - East Palmerston","06/26/2026 00:00:00","5","BananaCavendishPremium XL15kg CartonGreen","60","","","","","","",""
"07/02/2026 10:00:00","04633343","1046919","","Mackays Marketing","LMB - East Palmerston","06/26/2026 00:00:00","5","BananaCavendishPremium XL15kg CartonGreen","60","","","","","","",""
"07/02/2026 10:00:00","04633343","1046920","","Mackays Marketing","LMB - East Palmerston","06/26/2026 00:00:00","5","BananaCavendishPremium XL15kg CartonGreen","60","","","","","","",""
"07/02/2026 10:00:00","04633343","1046921","","Mackays Marketing","LMB - East Palmerston","06/26/2026 00:00:00","5","BananaCavendishPremium XL15kg CartonGreen","60","","","","","","",""
"07/02/2026 10:00:00","04633343","1046922","","Mackays Marketing","LMB - East Palmerston","06/26/2026 00:00:00","5","BananaCavendishPremium XL15kg CartonGreen","60","","","","","","",""
"07/02/2026 10:00:00","04633343","1046923","","Mackays Marketing","LMB - East Palmerston","06/26/2026 00:00:00","5","BananaCavendishPremium XL15kg CartonGreen","60","","","","","","",""
"07/02/2026 10:00:00","04633343","1046924","","Mackays Marketing","LMB - East Palmerston","06/26/2026 00:00:00","5","BananaCavendishPremium XL15kg CartonGreen","60","","","","","","",""
"07/02/2026 10:00:00","04633343","1046925","","Mackays Marketing","LMB - East Palmerston","06/26/2026 00:00:00","5","BananaCavendishPremium XL15kg CartonGreen","60","","","","","","",""
"07/02/2026 10:00:00","04633343","1046926","","Mackays Marketing","LMB - East Palmerston","06/26/2026 00:00:00","5","BananaCavendishPremium XL15kg CartonGreen","60","","","","","","",""
"07/02/2026 10:00:00","04633343","1046927","","Mackays Marketing","LMB - East Palmerston","06/26/2026 00:00:00","5","BananaCavendishPremium XL15kg CartonGreen","60","","","","","","",""
"07/02/2026 10:00:00","04633343","1046928","","Mackays Marketing","LMB - East Palmerston","06/26/2026 00:00:00","5","BananaCavendishPremium XL15kg CartonGreen","60","","","","","","",""
"07/02/2026 10:00:00","04633343","1046929","","Mackays Marketing","LMB - East Palmerston","06/26/2026 00:00:00","5","BananaCavendishPremium XL15kg CartonGreen","60","","","","","","",""
"","","","","","","","","","","","","","","","","1200"
"07/02/2026 10:00:00","570272","1047061","","Mackays Marketing","G & J Flegler - Mareeba Farm","06/26/2026 00:00:00","5","BananaCavendishPremium XL15kg CartonGreen","54","","","","","","",""
"07/02/2026 10:00:00","570272","1047062","","Mackays Marketing","G & J Flegler - Mareeba Farm","06/26/2026 00:00:00","5","BananaCavendishPremium XL15kg CartonGreen","54","","","","","","",""
"07/02/2026 10:00:00","570272","1047063","","Mackays Marketing","G & J Flegler - Mareeba Farm","06/26/2026 00:00:00","5","BananaCavendishPremium XL15kg CartonGreen","60","","","","","","",""
"07/02/2026 10:00:00","570272","1047064","","Mackays Marketing","G & J Flegler - Mareeba Farm","06/26/2026 00:00:00","5","BananaCavendishPremium XL15kg CartonGreen","60","","","","","","",""
"07/02/2026 10:00:00","570272","1047065","","Mackays Marketing","G & J Flegler - Mareeba Farm","06/26/2026 00:00:00","5","BananaCavendishPremium XL15kg CartonGreen","60","","","","","","",""
"07/02/2026 10:00:00","570272","1047066","","Mackays Marketing","G & J Flegler - Mareeba Farm","06/26/2026 00:00:00","5","BananaCavendishPremium XL15kg CartonGreen","60","","","","","","",""
"07/02/2026 10:00:00","570272","1047067","","Mackays Marketing","G & J Flegler - Mareeba Farm","06/26/2026 00:00:00","5","BananaCavendishPremium XL15kg CartonGreen","60","","","","","","",""
"07/02/2026 10:00:00","570272","1047068","","Mackays Marketing","G & J Flegler - Mareeba Farm","06/26/2026 00:00:00","5","BananaCavendishPremium XL15kg CartonGreen","60","","","","","","",""
"07/02/2026 10:00:00","570272","1047069","","Mackays Marketing","G & J Flegler - Mareeba Farm","06/26/2026 00:00:00","5","BananaCavendishPremium XL15kg CartonGreen","60","","","","","","",""
"07/02/2026 10:00:00","570272","1047070","","Mackays Marketing","G & J Flegler - Mareeba Farm","06/26/2026 00:00:00","5","BananaCavendishPremium XL15kg CartonGreen","60","","","","","","",""
"07/02/2026 10:00:00","570272","1047071","","Mackays Marketing","G & J Flegler - Mareeba Farm","06/26/2026 00:00:00","5","BananaCavendishPremium XL15kg CartonGreen","60","","","","","","",""
"07/02/2026 10:00:00","570272","1047072","","Mackays Marketing","G & J Flegler - Mareeba Farm","06/26/2026 00:00:00","5","BananaCavendishPremium XL15kg CartonGreen","60","","","","","","",""
"07/02/2026 10:00:00","570272","1047073","","Mackays Marketing","G & J Flegler - Mareeba Farm","06/26/2026 00:00:00","5","BananaCavendishPremium XL15kg CartonGreen","60","","","","","","",""
"07/02/2026 10:00:00","570272","1047074","","Mackays Marketing","G & J Flegler - Mareeba Farm","06/26/2026 00:00:00","5","BananaCavendishPremium XL15kg CartonGreen","60","","","","","","",""
"07/02/2026 10:00:00","570272","1047075","","Mackays Marketing","G & J Flegler - Mareeba Farm","06/26/2026 00:00:00","5","BananaCavendishPremium XL15kg CartonGreen","60","","","","","","",""
"07/02/2026 10:00:00","570272","1047076","","Mackays Marketing","G & J Flegler - Mareeba Farm","06/26/2026 00:00:00","5","BananaCavendishPremium XL15kg CartonGreen","60","","","","","","",""
"07/02/2026 10:00:00","570272","1047077","","Mackays Marketing","G & J Flegler - Mareeba Farm","06/26/2026 00:00:00","5","BananaCavendishPremium XL15kg CartonGreen","60","","","","","","",""
"07/02/2026 10:00:00","570272","1047078","","Mackays Marketing","G & J Flegler - Mareeba Farm","06/26/2026 00:00:00","5","BananaCavendishPremium XL15kg CartonGreen","60","","","","","","",""
"07/02/2026 10:00:00","570272","1047079","","Mackays Marketing","G & J Flegler - Mareeba Farm","06/26/2026 00:00:00","5","BananaCavendishPremium XL15kg CartonGreen","60","","","","","","",""
"07/02/2026 10:00:00","570272","1047080","","Mackays Marketing","G & J Flegler - Mareeba Farm","06/26/2026 00:00:00","5","BananaCavendishPremium XL15kg CartonGreen","60","","","","","","",""
"07/02/2026 10:00:00","570272","1047081","","Mackays Marketing","G & J Flegler - Mareeba Farm","06/26/2026 00:00:00","5","BananaCavendishPremium XL15kg CartonGreen","60","","","","","","",""
"07/02/2026 10:00:00","570272","1047082","","Mackays Marketing","G & J Flegler - Mareeba Farm","06/26/2026 00:00:00","5","BananaCavendishPremium XL15kg CartonGreen","60","","","","","","",""
"","","","","","","","","","","","","","","","","1308"
"07/02/2026 10:00:00","8700131677 ","5027569","1","Costa Avocado","Costa Avocado","06/26/2026 00:00:00","5","AvocadoHassPremium 16Avo Tray","160","","","","","","",""
"07/02/2026 10:00:00","8700131677 ","5027570","2","Costa Avocado","Costa Avocado","06/26/2026 00:00:00","5","AvocadoHassPremium 16Avo Tray","160","","","","","","",""
"07/02/2026 10:00:00","8700131677 ","5027571","3","Costa Avocado","Costa Avocado","06/26/2026 00:00:00","5","AvocadoHassPremium 16Avo Tray","160","","","","","","",""
"07/02/2026 10:00:00","8700131677 ","5027572","4","Costa Avocado","Costa Avocado","06/26/2026 00:00:00","5","AvocadoHassPremium 18Avo Tray","160","","","","","","",""
"07/02/2026 10:00:00","8700131677 ","5027573","5","Costa Avocado","Costa Avocado","06/26/2026 00:00:00","5","AvocadoHassPremium 18Avo Tray","160","","","","","","",""
"","","","","","","","","","","","","","","","","800"
"07/02/2026 12:00:00","04633343","1046930","","Mackays Marketing","LMB - East Palmerston","06/26/2026 00:00:00","5","BananaCavendishPremiumL750Bands - Coles","66","","","","","","",""
"07/02/2026 12:00:00","04633343","1046931","","Mackays Marketing","LMB - East Palmerston","06/26/2026 00:00:00","5","BananaCavendishPremiumL750Bands - Coles","66","","","","","","",""
"","","","","","","","","","","","","","","","","132"
"07/02/2026 12:00:00","30577989","1046888","","Mackays Marketing","LMB - East Palmerston","06/26/2026 00:00:00","5","BananaCavendishPremium XL15kg CartonGreen","60","","","","","","",""
"07/02/2026 12:00:00","30577989","1046889","","Mackays Marketing","LMB - East Palmerston","06/26/2026 00:00:00","5","BananaCavendishPremium XL15kg CartonGreen","60","","","","","","",""
"07/02/2026 12:00:00","30577989","1046890","","Mackays Marketing","LMB - East Palmerston","06/26/2026 00:00:00","5","BananaCavendishPremium XL15kg CartonGreen","60","","","","","","",""
"07/02/2026 12:00:00","30577989","1046891","","Mackays Marketing","LMB - East Palmerston","06/26/2026 00:00:00","5","BananaCavendishPremium XL15kg CartonGreen","60","","","","","","",""
"07/02/2026 12:00:00","30577989","1046892","","Mackays Marketing","LMB - East Palmerston","06/26/2026 00:00:00","5","BananaCavendishPremium XL15kg CartonGreen","60","","","","","","",""
"07/02/2026 12:00:00","30577989","1046893","","Mackays Marketing","LMB - East Palmerston","06/26/2026 00:00:00","5","BananaCavendishPremium XL15kg CartonGreen","60","","","","","","",""
"07/02/2026 12:00:00","30577989","1046894","","Mackays Marketing","LMB - East Palmerston","06/26/2026 00:00:00","5","BananaCavendishPremium XL15kg CartonGreen","60","","","","","","",""
"07/02/2026 12:00:00","30577989","1046895","","Mackays Marketing","LMB - East Palmerston","06/26/2026 00:00:00","5","BananaCavendishPremium XL15kg CartonGreen","60","","","","","","",""
"07/02/2026 12:00:00","30577989","1046896","","Mackays Marketing","LMB - East Palmerston","06/26/2026 00:00:00","5","BananaCavendishPremium XL15kg CartonGreen","60","","","","","","",""
"07/02/2026 12:00:00","30577989","1046897","","Mackays Marketing","LMB - East Palmerston","06/26/2026 00:00:00","5","BananaCavendishPremium XL15kg CartonGreen","60","","","","","","",""
"07/02/2026 12:00:00","30577989","1046898","","Mackays Marketing","LMB - East Palmerston","06/26/2026 00:00:00","5","BananaCavendishPremium XL15kg CartonGreen","60","","","","","","",""
"07/02/2026 12:00:00","30577989","1046899","","Mackays Marketing","LMB - East Palmerston","06/26/2026 00:00:00","5","BananaCavendishPremium XL15kg CartonGreen","60","","","","","","",""
"07/02/2026 12:00:00","30577989","1046900","","Mackays Marketing","LMB - East Palmerston","06/26/2026 00:00:00","5","BananaCavendishPremium XL15kg CartonGreen","60","","","","","","",""
"07/02/2026 12:00:00","30577989","1046901","","Mackays Marketing","LMB - East Palmerston","06/26/2026 00:00:00","5","BananaCavendishPremium XL15kg CartonGreen","60","","","","","","",""
"07/02/2026 12:00:00","30577989","1046902","","Mackays Marketing","LMB - East Palmerston","06/26/2026 00:00:00","5","BananaCavendishPremium XL15kg CartonGreen","60","","","","","","",""
"07/02/2026 12:00:00","30577989","1046903","","Mackays Marketing","LMB - East Palmerston","06/26/2026 00:00:00","5","BananaCavendishPremium XL15kg CartonGreen","60","","","","","","",""
"07/02/2026 12:00:00","30577989","1046904","","Mackays Marketing","LMB - East Palmerston","06/26/2026 00:00:00","5","BananaCavendishPremium XL15kg CartonGreen","60","","","","","","",""
"07/02/2026 12:00:00","30577989","1046905","","Mackays Marketing","LMB - East Palmerston","06/26/2026 00:00:00","5","BananaCavendishPremium XL15kg CartonGreen","60","","","","","","",""
"07/02/2026 12:00:00","30577989","1046906","","Mackays Marketing","LMB - East Palmerston","06/26/2026 00:00:00","5","BananaCavendishPremium XL15kg CartonGreen","60","","","","","","",""
"07/02/2026 12:00:00","30577989","1046907","","Mackays Marketing","LMB - East Palmerston","06/26/2026 00:00:00","5","BananaCavendishPremium XL15kg CartonGreen","60","","","","","","",""
"07/02/2026 12:00:00","30577989","1046908","","Mackays Marketing","LMB - East Palmerston","06/26/2026 00:00:00","5","BananaCavendishPremium XL15kg CartonGreen","60","","","","","","",""
"07/02/2026 12:00:00","30577989","1046909","","Mackays Marketing","LMB - East Palmerston","06/26/2026 00:00:00","5","BananaCavendishPremium XL15kg CartonGreen","48","","","","","","",""
"","","","","","","","","","","","","","","","","1308"
"07/02/2026 12:00:00","590636","3064853","","Mackays Marketing","Mackays - Bolinda","06/25/2026 00:00:00","6","BananaCavendishPremium XL15kg CartonGreen","60","","","","","","",""
"07/02/2026 12:00:00","590636","3064854","","Mackays Marketing","Mackays - Bolinda","06/25/2026 00:00:00","6","BananaCavendishPremium XL15kg CartonGreen","60","","","","","","",""
"07/02/2026 12:00:00","590636","3064855","","Mackays Marketing","Mackays - Bolinda","06/25/2026 00:00:00","6","BananaCavendishPremium XL15kg CartonGreen","60","","","","","","",""
"07/02/2026 12:00:00","590636","3064856","","Mackays Marketing","Mackays - Bolinda","06/25/2026 00:00:00","6","BananaCavendishPremium XL15kg CartonGreen","60","","","","","","",""
"07/02/2026 12:00:00","590636","3064857","","Mackays Marketing","Mackays - Bolinda","06/25/2026 00:00:00","6","BananaCavendishPremium XL15kg CartonGreen","60","","","","","","",""
"07/02/2026 12:00:00","590636","3064858","","Mackays Marketing","Mackays - Bolinda","06/25/2026 00:00:00","6","BananaCavendishPremium XL15kg CartonGreen","60","","","","","","",""
"07/02/2026 12:00:00","590636","3064859","","Mackays Marketing","Mackays - Bolinda","06/25/2026 00:00:00","6","BananaCavendishPremium XL15kg CartonGreen","60","","","","","","",""
"07/02/2026 12:00:00","590636","3064860","","Mackays Marketing","Mackays - Bolinda","06/25/2026 00:00:00","6","BananaCavendishPremium XL15kg CartonGreen","60","","","","","","",""
"07/02/2026 12:00:00","590636","3064861","","Mackays Marketing","Mackays - Bolinda","06/25/2026 00:00:00","6","BananaCavendishPremium XL15kg CartonGreen","60","","","","","","",""
"07/02/2026 12:00:00","590636","3064862","","Mackays Marketing","Mackays - Bolinda","06/25/2026 00:00:00","6","BananaCavendishPremium XL15kg CartonGreen","60","","","","","","",""
"07/02/2026 12:00:00","590636","3064863","","Mackays Marketing","Mackays - Bolinda","06/25/2026 00:00:00","6","BananaCavendishPremium XL15kg CartonGreen","60","","","","","","",""
"07/02/2026 12:00:00","590636","3064864","","Mackays Marketing","Mackays - Bolinda","06/25/2026 00:00:00","6","BananaCavendishPremium XL15kg CartonGreen","60","","","","","","",""
"07/02/2026 12:00:00","590636","3064865","","Mackays Marketing","Mackays - Bolinda","06/25/2026 00:00:00","6","BananaCavendishPremium XL15kg CartonGreen","60","","","","","","",""
"07/02/2026 12:00:00","590636","3064866","","Mackays Marketing","Mackays - Bolinda","06/25/2026 00:00:00","6","BananaCavendishPremium XL15kg CartonGreen","60","","","","","","",""
"07/02/2026 12:00:00","590636","3064867","","Mackays Marketing","Mackays - Bolinda","06/25/2026 00:00:00","6","BananaCavendishPremium XL15kg CartonGreen","60","","","","","","",""
"07/02/2026 12:00:00","590636","3064868","","Mackays Marketing","Mackays - Bolinda","06/25/2026 00:00:00","6","BananaCavendishPremium XL15kg CartonGreen","60","","","","","","",""
"07/02/2026 12:00:00","590636","3064869","","Mackays Marketing","Mackays - Bolinda","06/25/2026 00:00:00","6","BananaCavendishPremium XL15kg CartonGreen","60","","","","","","",""
"07/02/2026 12:00:00","590636","3064870","","Mackays Marketing","Mackays - Bolinda","06/25/2026 00:00:00","6","BananaCavendishPremium XL15kg CartonGreen","60","","","","","","",""
"07/02/2026 12:00:00","590636","3064871","","Mackays Marketing","Mackays - Bolinda","06/25/2026 00:00:00","6","BananaCavendishPremium XL15kg CartonGreen","60","","","","","","",""
"07/02/2026 12:00:00","590636","3064872","","Mackays Marketing","Mackays - Bolinda","06/25/2026 00:00:00","6","BananaCavendishPremium XL15kg CartonGreen","60","","","","","","",""
"07/02/2026 12:00:00","590636","3064873","","Mackays Marketing","Mackays - Bolinda","06/25/2026 00:00:00","6","BananaCavendishPremium XL15kg CartonGreen","54","","","","","","",""
"07/02/2026 12:00:00","590636","3064874","","Mackays Marketing","Mackays - Bolinda","06/25/2026 00:00:00","6","BananaCavendishPremium XL15kg CartonGreen","54","","","","","","",""
"","","","","","","","","","","","","","","","","1308"
"07/02/2026 12:00:00","PP26-0155","1047113","","Mackays Marketing","Primo Produce","06/28/2026 00:00:00","3","AvocadoHassPremium 16Avo Tray","7","","","","","","",""
"07/02/2026 12:00:00","PP26-0155","1047114","","Mackays Marketing","Primo Produce","06/28/2026 00:00:00","3","AvocadoHassPremium 20Avo Tray","160","","","","","","",""
"07/02/2026 12:00:00","PP26-0155","1047115","","Mackays Marketing","Primo Produce","06/28/2026 00:00:00","3","AvocadoHassPremium 20Avo Tray","160","","","","","","",""
"07/02/2026 12:00:00","PP26-0155","1047116","","Mackays Marketing","Primo Produce","06/28/2026 00:00:00","3","AvocadoHassPremium 20Avo Tray","146","","","","","","",""
"","","","","","","","","","","","","","","","","473"
"07/03/2026 10:00:00","26459","1047159","","Mackays Marketing","Nourish","06/29/2026 00:00:00","2","BananaCavendishPremium XL15kg CartonGreen","54","","","","","","",""
"07/03/2026 10:00:00","26459","1047160","","Mackays Marketing","Nourish","06/29/2026 00:00:00","2","BananaCavendishPremium XL15kg CartonGreen","54","","","","","","",""
"07/03/2026 10:00:00","26459","1047161","","Mackays Marketing","Nourish","06/29/2026 00:00:00","2","BananaCavendishPremium XL15kg CartonGreen","60","","","","","","",""
"07/03/2026 10:00:00","26459","1047162","","Mackays Marketing","Nourish","06/29/2026 00:00:00","2","BananaCavendishPremium XL15kg CartonGreen","60","","","","","","",""
"07/03/2026 10:00:00","26459","1047163","","Mackays Marketing","Nourish","06/29/2026 00:00:00","2","BananaCavendishPremium XL15kg CartonGreen","60","","","","","","",""
"07/03/2026 10:00:00","26459","1047164","","Mackays Marketing","Nourish","06/29/2026 00:00:00","2","BananaCavendishPremium XL15kg CartonGreen","60","","","","","","",""
"07/03/2026 10:00:00","26459","1047165","","Mackays Marketing","Nourish","06/29/2026 00:00:00","2","BananaCavendishPremium XL15kg CartonGreen","60","","","","","","",""
"07/03/2026 10:00:00","26459","1047166","","Mackays Marketing","Nourish","06/29/2026 00:00:00","2","BananaCavendishPremium XL15kg CartonGreen","60","","","","","","",""
"07/03/2026 10:00:00","26459","1047167","","Mackays Marketing","Nourish","06/29/2026 00:00:00","2","BananaCavendishPremium XL15kg CartonGreen","60","","","","","","",""
"07/03/2026 10:00:00","26459","1047168","","Mackays Marketing","Nourish","06/29/2026 00:00:00","2","BananaCavendishPremium XL15kg CartonGreen","60","","","","","","",""
"07/03/2026 10:00:00","26459","1047169","","Mackays Marketing","Nourish","06/29/2026 00:00:00","2","BananaCavendishPremium XL15kg CartonGreen","60","","","","","","",""
"07/03/2026 10:00:00","26459","1047170","","Mackays Marketing","Nourish","06/29/2026 00:00:00","2","BananaCavendishPremium XL15kg CartonGreen","60","","","","","","",""
"07/03/2026 10:00:00","26459","1047171","","Mackays Marketing","Nourish","06/29/2026 00:00:00","2","BananaCavendishPremium XL15kg CartonGreen","60","","","","","","",""
"07/03/2026 10:00:00","26459","1047172","","Mackays Marketing","Nourish","06/29/2026 00:00:00","2","BananaCavendishPremium XL15kg CartonGreen","60","","","","","","",""
"07/03/2026 10:00:00","26459","1047173","","Mackays Marketing","Nourish","06/29/2026 00:00:00","2","BananaCavendishPremium XL15kg CartonGreen","60","","","","","","",""
"07/03/2026 10:00:00","26459","1047174","","Mackays Marketing","Nourish","06/29/2026 00:00:00","2","BananaCavendishPremium XL15kg CartonGreen","60","","","","","","",""
"07/03/2026 10:00:00","26459","1047175","","Mackays Marketing","Nourish","06/29/2026 00:00:00","2","BananaCavendishPremium XL15kg CartonGreen","60","","","","","","",""
"07/03/2026 10:00:00","26459","1047176","","Mackays Marketing","Nourish","06/29/2026 00:00:00","2","BananaCavendishPremium XL15kg CartonGreen","60","","","","","","",""
"07/03/2026 10:00:00","26459","1047177","","Mackays Marketing","Nourish","06/29/2026 00:00:00","2","BananaCavendishPremium XL15kg CartonGreen","60","","","","","","",""
"07/03/2026 10:00:00","26459","1047178","","Mackays Marketing","Nourish","06/29/2026 00:00:00","2","BananaCavendishPremium XL15kg CartonGreen","60","","","","","","",""
"07/03/2026 10:00:00","26459","1047179","","Mackays Marketing","Nourish","06/29/2026 00:00:00","2","BananaCavendishPremium XL15kg CartonGreen","60","","","","","","",""
"07/03/2026 10:00:00","26459","1047180","","Mackays Marketing","Nourish","06/29/2026 00:00:00","2","BananaCavendishPremium XL15kg CartonGreen","60","","","","","","",""
"","","","","","","","","","","","","","","","","1308"
"07/03/2026 10:00:00","300 - 590298","5027622","1","APP - Marketing","Barama Investments","06/29/2026 00:00:00","2","OrganicBananaCavendishClass 1XL10kg Carton","80","","","","","","",""
"","","","","","","","","","","","","","","","","80"
"07/03/2026 10:00:00","41845","3064984","","Mackays Marketing","Mackays - Ranch Road","06/29/2026 00:00:00","2","PapayaRedPremium 6Papaya TrayRuby Rise","104","","","","","","",""
"","","","","","","","","","","","","","","","","104"
"07/03/2026 10:00:00","590642","3065003","","Mackays Marketing","Mackays - Bolinda","06/29/2026 00:00:00","2","BananaCavendishPremium XL15kg CartonGreen","54","","","","","","",""
"07/03/2026 10:00:00","590642","3065004","","Mackays Marketing","Mackays - Bolinda","06/29/2026 00:00:00","2","BananaCavendishPremium XL15kg CartonGreen","54","","","","","","",""
"07/03/2026 10:00:00","590642","3065005","","Mackays Marketing","Mackays - Bolinda","06/29/2026 00:00:00","2","BananaCavendishPremium XL15kg CartonGreen","60","","","","","","",""
"07/03/2026 10:00:00","590642","3065006","","Mackays Marketing","Mackays - Bolinda","06/29/2026 00:00:00","2","BananaCavendishPremium XL15kg CartonGreen","60","","","","","","",""
"07/03/2026 10:00:00","590642","3065007","","Mackays Marketing","Mackays - Bolinda","06/29/2026 00:00:00","2","BananaCavendishPremium XL15kg CartonGreen","60","","","","","","",""
"07/03/2026 10:00:00","590642","3065008","","Mackays Marketing","Mackays - Bolinda","06/29/2026 00:00:00","2","BananaCavendishPremium XL15kg CartonGreen","60","","","","","","",""
"07/03/2026 10:00:00","590642","3065009","","Mackays Marketing","Mackays - Bolinda","06/29/2026 00:00:00","2","BananaCavendishPremium XL15kg CartonGreen","60","","","","","","",""
"07/03/2026 10:00:00","590642","3065010","","Mackays Marketing","Mackays - Bolinda","06/29/2026 00:00:00","2","BananaCavendishPremium XL15kg CartonGreen","60","","","","","","",""
"07/03/2026 10:00:00","590642","3065011","","Mackays Marketing","Mackays - Bolinda","06/29/2026 00:00:00","2","BananaCavendishPremium XL15kg CartonGreen","60","","","","","","",""
"07/03/2026 10:00:00","590642","3065012","","Mackays Marketing","Mackays - Bolinda","06/29/2026 00:00:00","2","BananaCavendishPremium XL15kg CartonGreen","60","","","","","","",""
"07/03/2026 10:00:00","590642","3065013","","Mackays Marketing","Mackays - Bolinda","06/29/2026 00:00:00","2","BananaCavendishPremium XL15kg CartonGreen","60","","","","","","",""
"07/03/2026 10:00:00","590642","3065014","","Mackays Marketing","Mackays - Bolinda","06/29/2026 00:00:00","2","BananaCavendishPremium XL15kg CartonGreen","60","","","","","","",""
"07/03/2026 10:00:00","590642","3065015","","Mackays Marketing","Mackays - Bolinda","06/29/2026 00:00:00","2","BananaCavendishPremium XL15kg CartonGreen","60","","","","","","",""
"07/03/2026 10:00:00","590642","3065016","","Mackays Marketing","Mackays - Bolinda","06/29/2026 00:00:00","2","BananaCavendishPremium XL15kg CartonGreen","60","","","","","","",""
"07/03/2026 10:00:00","590642","3065017","","Mackays Marketing","Mackays - Bolinda","06/29/2026 00:00:00","2","BananaCavendishPremium XL15kg CartonGreen","60","","","","","","",""
"07/03/2026 10:00:00","590642","3065018","","Mackays Marketing","Mackays - Bolinda","06/29/2026 00:00:00","2","BananaCavendishPremium XL15kg CartonGreen","60","","","","","","",""
"07/03/2026 10:00:00","590642","3065019","","Mackays Marketing","Mackays - Bolinda","06/29/2026 00:00:00","2","BananaCavendishPremium XL15kg CartonGreen","60","","","","","","",""
"07/03/2026 10:00:00","590642","3065020","","Mackays Marketing","Mackays - Bolinda","06/29/2026 00:00:00","2","BananaCavendishPremium XL15kg CartonGreen","60","","","","","","",""
"07/03/2026 10:00:00","590642","3065021","","Mackays Marketing","Mackays - Bolinda","06/29/2026 00:00:00","2","BananaCavendishPremium XL15kg CartonGreen","60","","","","","","",""
"07/03/2026 10:00:00","590642","3065022","","Mackays Marketing","Mackays - Bolinda","06/29/2026 00:00:00","2","BananaCavendishPremium XL15kg CartonGreen","60","","","","","","",""
"07/03/2026 10:00:00","590642","3065023","","Mackays Marketing","Mackays - Bolinda","06/29/2026 00:00:00","2","BananaCavendishPremium XL15kg CartonGreen","60","","","","","","",""
"07/03/2026 10:00:00","590642","3065024","","Mackays Marketing","Mackays - Bolinda","06/29/2026 00:00:00","2","BananaCavendishPremium XL15kg CartonGreen","60","","","","","","",""
"","","","","","","","","","","","","","","","","1308"
"07/03/2026 10:00:00","590646","3065230","","Mackays Marketing","Mackays - Bolinda","06/30/2026 00:00:00","1","BananaCavendishPremiumL750Bands - Coles","66","","","","","","",""
"07/03/2026 10:00:00","590646","3065231","","Mackays Marketing","Mackays - Bolinda","06/30/2026 00:00:00","1","BananaCavendishPremiumL750Bands - Coles","66","","","","","","",""
"07/03/2026 10:00:00","590646","3065232","","Mackays Marketing","Mackays - Bolinda","06/30/2026 00:00:00","1","BananaCavendishPremiumL750Bands - Coles","66","","","","","","",""
"07/03/2026 10:00:00","590646","3065233","","Mackays Marketing","Mackays - Bolinda","06/30/2026 00:00:00","1","BananaCavendishPremiumL750Bands - Coles","66","","","","","","",""
"07/03/2026 10:00:00","590646","3065234","","Mackays Marketing","Mackays - Bolinda","06/30/2026 00:00:00","1","BananaCavendishPremiumL750Bands - Coles","66","","","","","","",""
"07/03/2026 10:00:00","590646","3065235","","Mackays Marketing","Mackays - Bolinda","06/30/2026 00:00:00","1","BananaCavendishPremiumL750Bands - Coles","66","","","","","","",""
"07/03/2026 10:00:00","590646","3065236","","Mackays Marketing","Mackays - Bolinda","06/30/2026 00:00:00","1","BananaCavendishPremiumL750Bands - Coles","66","","","","","","",""
"07/03/2026 10:00:00","590646","3065237","","Mackays Marketing","Mackays - Bolinda","06/30/2026 00:00:00","1","BananaCavendishPremiumL750Bands - Coles","66","","","","","","",""
"07/03/2026 10:00:00","590646","3065238","","Mackays Marketing","Mackays - Bolinda","06/30/2026 00:00:00","1","BananaCavendishPremiumL750Bands - Coles","66","","","","","","",""
"07/03/2026 10:00:00","590646","3065239","","Mackays Marketing","Mackays - Bolinda","06/30/2026 00:00:00","1","BananaCavendishPremiumL750Bands - Coles","66","","","","","","",""
"","","","","","","","","","","","","","","","","660"
"07/03/2026 10:00:00","8700131758","5027603","1","Costa Avocado","Costa Avocado","06/30/2026 00:00:00","1","AvocadoHassPremium 20Avo Tray","160","","","","","","",""
"07/03/2026 10:00:00","8700131758","5027604","2","Costa Avocado","Costa Avocado","06/30/2026 00:00:00","1","AvocadoHassPremium 20Avo Tray","160","","","","","","",""
"07/03/2026 10:00:00","8700131758","5027605","3","Costa Avocado","Costa Avocado","06/30/2026 00:00:00","1","AvocadoHassPremium 20Avo Tray","160","","","","","","",""
"07/03/2026 10:00:00","8700131758","5027606","4","Costa Avocado","Costa Avocado","06/30/2026 00:00:00","1","AvocadoHassPremium 20Avo Tray","160","","","","","","",""
"07/03/2026 10:00:00","8700131758","5027607","5","Costa Avocado","Costa Avocado","06/30/2026 00:00:00","1","AvocadoHassPremium 20Avo Tray","160","","","","","","",""
"","","","","","","","","","","","","","","","","800"
"07/03/2026 10:00:00","L17155 - 6386","5027610","1","Stahmann Webster ","Simpson Farms","06/30/2026 00:00:00","1","AvocadoHassPremium 18Avo Tray","160","","","","","","",""
"07/03/2026 10:00:00","L17155 - 6386","5027611","2","Stahmann Webster ","Simpson Farms","06/30/2026 00:00:00","1","AvocadoHassPremium 18Avo Tray","160","","","","","","",""
"07/03/2026 10:00:00","L17155 - 6386","5027612","3","Stahmann Webster ","Simpson Farms","06/30/2026 00:00:00","1","AvocadoHassPremium 20Avo Tray","160","","","","","","",""
"07/03/2026 10:00:00","L17155 - 6386","5027613","4","Stahmann Webster ","Simpson Farms","06/30/2026 00:00:00","1","AvocadoHassPremium 18Avo Tray","160","","","","","","",""
"07/03/2026 10:00:00","L17155 - 6386","5027614","5","Stahmann Webster ","Simpson Farms","06/30/2026 00:00:00","1","AvocadoHassPremium 18Avo Tray","160","","","","","","",""
"07/03/2026 10:00:00","L17155 - 6386","5027615","6","Stahmann Webster ","Simpson Farms","06/30/2026 00:00:00","1","AvocadoHassPremium 20Avo Tray","160","","","","","","",""
"07/03/2026 10:00:00","L17155 - 6386","5027616","7","Stahmann Webster ","Simpson Farms","06/30/2026 00:00:00","1","AvocadoHassPremium 20Avo Tray","160","","","","","","",""
"07/03/2026 10:00:00","L17155 - 6386","5027617","8","Stahmann Webster ","Simpson Farms","06/30/2026 00:00:00","1","AvocadoHassPremium 20Avo Tray","160","","","","","","",""
"07/03/2026 10:00:00","L17155 - 6386","5027618","9","Stahmann Webster ","Simpson Farms","06/30/2026 00:00:00","1","AvocadoHassPremium 20Avo Tray","160","","","","","","",""
"07/03/2026 10:00:00","L17155 - 6386","5027619","10","Stahmann Webster ","Simpson Farms","06/30/2026 00:00:00","1","AvocadoHassPremium 20Avo Tray","160","","","","","","",""
"07/03/2026 10:00:00","L17155 - 6386","5027620","11","Stahmann Webster ","Simpson Farms","06/30/2026 00:00:00","1","AvocadoHassPremium 20Avo Tray","160","","","","","","",""
"07/03/2026 10:00:00","L17155 - 6386","5027621","12","Stahmann Webster ","Simpson Farms","06/30/2026 00:00:00","1","AvocadoHassPremium 20Avo Tray","160","","","","","","",""
"","","","","","","","","","","","","","","","","1920"
"07/03/2026 10:00:00","RRF-A - 7768","5027584","1","Rock Ridge - Marketing","Rock Ridge","06/29/2026 00:00:00","2","AvocadoHassPremium 16Avo Tray","160","","","","","","",""
"07/03/2026 10:00:00","RRF-A - 7768","5027585","2","Rock Ridge - Marketing","Rock Ridge","06/29/2026 00:00:00","2","AvocadoHassPremium 16Avo Tray","160","","","","","","",""
"07/03/2026 10:00:00","RRF-A - 7768","5027586","3","Rock Ridge - Marketing","Rock Ridge","06/29/2026 00:00:00","2","AvocadoHassPremium 16Avo Tray","160","","","","","","",""
"07/03/2026 10:00:00","RRF-A - 7768","5027587","4","Rock Ridge - Marketing","Rock Ridge","06/29/2026 00:00:00","2","AvocadoHassPremium 16Avo Tray","160","","","","","","",""
"07/03/2026 10:00:00","RRF-A - 7768","5027588","5","Rock Ridge - Marketing","Rock Ridge","06/29/2026 00:00:00","2","AvocadoHassPremium 16Avo Tray","160","","","","","","",""
"07/03/2026 10:00:00","RRF-A - 7768","5027589","6","Rock Ridge - Marketing","Rock Ridge","06/29/2026 00:00:00","2","AvocadoHassPremium 16Avo Tray","160","","","","","","",""
"07/03/2026 10:00:00","RRF-A - 7768","5027590","7","Rock Ridge - Marketing","Rock Ridge","06/29/2026 00:00:00","2","AvocadoHassPremium 16Avo Tray","160","","","","","","",""
"07/03/2026 10:00:00","RRF-A - 7768","5027591","8","Rock Ridge - Marketing","Rock Ridge","06/29/2026 00:00:00","2","AvocadoHassPremium 18Avo Tray","160","","","","","","",""
"07/03/2026 10:00:00","RRF-A - 7768","5027592","9","Rock Ridge - Marketing","Rock Ridge","06/29/2026 00:00:00","2","AvocadoHassPremium 18Avo Tray","160","","","","","","",""
"07/03/2026 10:00:00","RRF-A - 7768","5027593","10","Rock Ridge - Marketing","Rock Ridge","06/29/2026 00:00:00","2","AvocadoHassPremium 18Avo Tray","160","","","","","","",""
"07/03/2026 10:00:00","RRF-A - 7768","5027594","11","Rock Ridge - Marketing","Rock Ridge","06/29/2026 00:00:00","2","AvocadoHassPremium 18Avo Tray","160","","","","","","",""
"07/03/2026 10:00:00","RRF-A - 7768","5027595","12","Rock Ridge - Marketing","Rock Ridge","06/29/2026 00:00:00","2","AvocadoHassPremium 18Avo Tray","160","","","","","","",""
"07/03/2026 10:00:00","RRF-A - 7768","5027596","13","Rock Ridge - Marketing","Rock Ridge","06/29/2026 00:00:00","2","AvocadoHassPremium 20Avo Tray","160","","","","","","",""
"07/03/2026 10:00:00","RRF-A - 7768","5027597","14","Rock Ridge - Marketing","Rock Ridge","06/29/2026 00:00:00","2","AvocadoHassPremium 20Avo Tray","160","","","","","","",""
"07/03/2026 10:00:00","RRF-A - 7768","5027598","15","Rock Ridge - Marketing","Rock Ridge","06/29/2026 00:00:00","2","AvocadoHassPremium 20Avo Tray","160","","","","","","",""
"07/03/2026 10:00:00","RRF-A - 7768","5027599","16","Rock Ridge - Marketing","Rock Ridge","06/29/2026 00:00:00","2","AvocadoHassPremium 20Avo Tray","160","","","","","","",""
"07/03/2026 10:00:00","RRF-A - 7768","5027600","17","Rock Ridge - Marketing","Rock Ridge","06/29/2026 00:00:00","2","AvocadoHassPremium 20Avo Tray","160","","","","","","",""
"07/03/2026 10:00:00","RRF-A - 7768","5027601","18","Rock Ridge - Marketing","Rock Ridge","06/29/2026 00:00:00","2","AvocadoHassPremium 23Avo Tray","160","","","","","","",""
"07/03/2026 10:00:00","RRF-A - 7768","5027602","19","Rock Ridge - Marketing","Rock Ridge","06/29/2026 00:00:00","2","AvocadoHassPremium 23Avo Tray","160","","","","","","",""
"","","","","","","","","","","","","","","","","3040"
"07/04/2026 10:00:00","04636942","1047117","","Mackays Marketing","LMB - Cooroo Bananas","06/29/2026 00:00:00","2","BananaCavendishPremium XL15kg CartonGreen","60","","","","","","",""
"07/04/2026 10:00:00","04636942","1047118","","Mackays Marketing","LMB - Cooroo Bananas","06/29/2026 00:00:00","2","BananaCavendishPremium XL15kg CartonGreen","60","","","","","","",""
"07/04/2026 10:00:00","04636942","1047119","","Mackays Marketing","LMB - Cooroo Bananas","06/29/2026 00:00:00","2","BananaCavendishPremium XL15kg CartonGreen","60","","","","","","",""
"07/04/2026 10:00:00","04636942","1047120","","Mackays Marketing","LMB - Cooroo Bananas","06/29/2026 00:00:00","2","BananaCavendishPremium XL15kg CartonGreen","60","","","","","","",""
"07/04/2026 10:00:00","04636942","1047121","","Mackays Marketing","LMB - Cooroo Bananas","06/29/2026 00:00:00","2","BananaCavendishPremium XL15kg CartonGreen","60","","","","","","",""
"07/04/2026 10:00:00","04636942","1047122","","Mackays Marketing","LMB - Cooroo Bananas","06/29/2026 00:00:00","2","BananaCavendishPremium XL15kg CartonGreen","60","","","","","","",""
"07/04/2026 10:00:00","04636942","1047123","","Mackays Marketing","LMB - Cooroo Bananas","06/29/2026 00:00:00","2","BananaCavendishPremium XL15kg CartonGreen","60","","","","","","",""
"07/04/2026 10:00:00","04636942","1047124","","Mackays Marketing","LMB - Cooroo Bananas","06/29/2026 00:00:00","2","BananaCavendishPremium XL15kg CartonGreen","60","","","","","","",""
"07/04/2026 10:00:00","04636942","1047125","","Mackays Marketing","LMB - Cooroo Bananas","06/29/2026 00:00:00","2","BananaCavendishPremium XL15kg CartonGreen","60","","","","","","",""
"07/04/2026 10:00:00","04636942","1047126","","Mackays Marketing","LMB - Cooroo Bananas","06/29/2026 00:00:00","2","BananaCavendishPremium XL15kg CartonGreen","60","","","","","","",""
"07/04/2026 10:00:00","04636942","1047127","","Mackays Marketing","LMB - Cooroo Bananas","06/29/2026 00:00:00","2","BananaCavendishPremium XL15kg CartonGreen","60","","","","","","",""
"07/04/2026 10:00:00","04636942","1047128","","Mackays Marketing","LMB - Cooroo Bananas","06/29/2026 00:00:00","2","BananaCavendishPremium XL15kg CartonGreen","60","","","","","","",""
"07/04/2026 10:00:00","04636942","1047129","","Mackays Marketing","LMB - Cooroo Bananas","06/29/2026 00:00:00","2","BananaCavendishPremium XL15kg CartonGreen","60","","","","","","",""
"07/04/2026 10:00:00","04636942","1047130","","Mackays Marketing","LMB - Cooroo Bananas","06/29/2026 00:00:00","2","BananaCavendishPremium XL15kg CartonGreen","60","","","","","","",""
"07/04/2026 10:00:00","04636942","1047131","","Mackays Marketing","LMB - Cooroo Bananas","06/29/2026 00:00:00","2","BananaCavendishPremium XL15kg CartonGreen","60","","","","","","",""
"07/04/2026 10:00:00","04636942","1047132","","Mackays Marketing","LMB - Cooroo Bananas","06/29/2026 00:00:00","2","BananaCavendishPremium XL15kg CartonGreen","60","","","","","","",""
"07/04/2026 10:00:00","04636942","1047133","","Mackays Marketing","LMB - Cooroo Bananas","06/29/2026 00:00:00","2","BananaCavendishPremium XL15kg CartonGreen","60","","","","","","",""
"07/04/2026 10:00:00","04636942","1047134","","Mackays Marketing","LMB - Cooroo Bananas","06/29/2026 00:00:00","2","BananaCavendishPremium XL15kg CartonGreen","60","","","","","","",""
"07/04/2026 10:00:00","04636942","1047135","","Mackays Marketing","LMB - Cooroo Bananas","06/29/2026 00:00:00","2","BananaCavendishPremium XL15kg CartonGreen","60","","","","","","",""
"07/04/2026 10:00:00","04636942","1047136","","Mackays Marketing","LMB - Cooroo Bananas","06/29/2026 00:00:00","2","BananaCavendishPremium XL15kg CartonGreen","60","","","","","","",""
"","","","","","","","","","","","","","","","","1200"
"07/04/2026 10:00:00","587820","3065055","","Mackays Marketing","Mackays - Gold Tyne","06/29/2026 00:00:00","2","BananaCavendishPremium XL15kg CartonGreen","54","","","","","","",""
"07/04/2026 10:00:00","587820","3065056","","Mackays Marketing","Mackays - Gold Tyne","06/29/2026 00:00:00","2","BananaCavendishPremium XL15kg CartonGreen","54","","","","","","",""
"07/04/2026 10:00:00","587820","3065057","","Mackays Marketing","Mackays - Gold Tyne","06/29/2026 00:00:00","2","BananaCavendishPremium XL15kg CartonGreen","60","","","","","","",""
"07/04/2026 10:00:00","587820","3065058","","Mackays Marketing","Mackays - Gold Tyne","06/29/2026 00:00:00","2","BananaCavendishPremium XL15kg CartonGreen","60","","","","","","",""
"07/04/2026 10:00:00","587820","3065059","","Mackays Marketing","Mackays - Gold Tyne","06/29/2026 00:00:00","2","BananaCavendishPremium XL15kg CartonGreen","60","","","","","","",""
"07/04/2026 10:00:00","587820","3065060","","Mackays Marketing","Mackays - Gold Tyne","06/29/2026 00:00:00","2","BananaCavendishPremium XL15kg CartonGreen","60","","","","","","",""
"07/04/2026 10:00:00","587820","3065061","","Mackays Marketing","Mackays - Gold Tyne","06/29/2026 00:00:00","2","BananaCavendishPremium XL15kg CartonGreen","60","","","","","","",""
"07/04/2026 10:00:00","587820","3065062","","Mackays Marketing","Mackays - Gold Tyne","06/29/2026 00:00:00","2","BananaCavendishPremium XL15kg CartonGreen","60","","","","","","",""
"07/04/2026 10:00:00","587820","3065063","","Mackays Marketing","Mackays - Gold Tyne","06/29/2026 00:00:00","2","BananaCavendishPremium XL15kg CartonGreen","60","","","","","","",""
"07/04/2026 10:00:00","587820","3065064","","Mackays Marketing","Mackays - Gold Tyne","06/29/2026 00:00:00","2","BananaCavendishPremium XL15kg CartonGreen","60","","","","","","",""
"07/04/2026 10:00:00","587820","3065065","","Mackays Marketing","Mackays - Gold Tyne","06/29/2026 00:00:00","2","BananaCavendishPremium XL15kg CartonGreen","60","","","","","","",""
"07/04/2026 10:00:00","587820","3065066","","Mackays Marketing","Mackays - Gold Tyne","06/29/2026 00:00:00","2","BananaCavendishPremium XL15kg CartonGreen","60","","","","","","",""
"07/04/2026 10:00:00","587820","3065067","","Mackays Marketing","Mackays - Gold Tyne","06/29/2026 00:00:00","2","BananaCavendishPremium XL15kg CartonGreen","60","","","","","","",""
"07/04/2026 10:00:00","587820","3065068","","Mackays Marketing","Mackays - Gold Tyne","06/29/2026 00:00:00","2","BananaCavendishPremium XL15kg CartonGreen","60","","","","","","",""
"07/04/2026 10:00:00","587820","3065069","","Mackays Marketing","Mackays - Gold Tyne","06/29/2026 00:00:00","2","BananaCavendishPremium XL15kg CartonGreen","60","","","","","","",""
"07/04/2026 10:00:00","587820","3065070","","Mackays Marketing","Mackays - Gold Tyne","06/29/2026 00:00:00","2","BananaCavendishPremium XL15kg CartonGreen","60","","","","","","",""
"07/04/2026 10:00:00","587820","3065071","","Mackays Marketing","Mackays - Gold Tyne","06/29/2026 00:00:00","2","BananaCavendishPremium XL15kg CartonGreen","60","","","","","","",""
"07/04/2026 10:00:00","587820","3065072","","Mackays Marketing","Mackays - Gold Tyne","06/29/2026 00:00:00","2","BananaCavendishPremium XL15kg CartonGreen","60","","","","","","",""
"07/04/2026 10:00:00","587820","3065073","","Mackays Marketing","Mackays - Gold Tyne","06/29/2026 00:00:00","2","BananaCavendishPremium XL15kg CartonGreen","60","","","","","","",""
"07/04/2026 10:00:00","587820","3065074","","Mackays Marketing","Mackays - Gold Tyne","06/29/2026 00:00:00","2","BananaCavendishPremium XL15kg CartonGreen","60","","","","","","",""
"07/04/2026 10:00:00","587820","3065075","","Mackays Marketing","Mackays - Gold Tyne","06/29/2026 00:00:00","2","BananaCavendishPremium XL15kg CartonGreen","60","","","","","","",""
"07/04/2026 10:00:00","587820","3065076","","Mackays Marketing","Mackays - Gold Tyne","06/29/2026 00:00:00","2","BananaCavendishPremium XL15kg CartonGreen","60","","","","","","",""
"","","","","","","","","","","","","","","","","1308"
"07/04/2026 10:00:00","587821","3065188","","Mackays Marketing","Mackays - Gold Tyne","06/30/2026 00:00:00","1","BananaCavendishPremiumL750Bands - Coles","66","","","","","","",""
"07/04/2026 10:00:00","587821","3065189","","Mackays Marketing","Mackays - Gold Tyne","06/30/2026 00:00:00","1","BananaCavendishPremiumL750Bands - Coles","66","","","","","","",""
"07/04/2026 10:00:00","587821","3065190","","Mackays Marketing","Mackays - Gold Tyne","06/30/2026 00:00:00","1","BananaCavendishPremiumL750Bands - Coles","66","","","","","","",""
"07/04/2026 10:00:00","587821","3065191","","Mackays Marketing","Mackays - Gold Tyne","06/30/2026 00:00:00","1","BananaCavendishPremiumL750Bands - Coles","66","","","","","","",""
"07/04/2026 10:00:00","587821","3065192","","Mackays Marketing","Mackays - Gold Tyne","06/30/2026 00:00:00","1","BananaCavendishPremiumL750Bands - Coles","66","","","","","","",""
"07/04/2026 10:00:00","587821","3065193","","Mackays Marketing","Mackays - Gold Tyne","06/30/2026 00:00:00","1","BananaCavendishPremiumL750Bands - Coles","66","","","","","","",""
"07/04/2026 10:00:00","587821","3065194","","Mackays Marketing","Mackays - Gold Tyne","06/30/2026 00:00:00","1","BananaCavendishPremiumL750Bands - Coles","66","","","","","","",""
"07/04/2026 10:00:00","587821","3065195","","Mackays Marketing","Mackays - Gold Tyne","06/30/2026 00:00:00","1","BananaCavendishPremiumL750Bands - Coles","66","","","","","","",""
"07/04/2026 10:00:00","587821","3065196","","Mackays Marketing","Mackays - Gold Tyne","06/30/2026 00:00:00","1","BananaCavendishPremiumL750Bands - Coles","66","","","","","","",""
"07/04/2026 10:00:00","587821","3065197","","Mackays Marketing","Mackays - Gold Tyne","06/30/2026 00:00:00","1","BananaCavendishPremiumL750Bands - Coles","66","","","","","","",""
"","","","","","","","","","","","","","","","","660"
"07/05/2026 10:00:00","24672","1047226","","Mackays Marketing","Nourish","06/30/2026 00:00:00","1","BananaCavendishPremium XL15kg CartonGreen","54","","","","","","",""
"07/05/2026 10:00:00","24672","1047227","","Mackays Marketing","Nourish","06/30/2026 00:00:00","1","BananaCavendishPremium XL15kg CartonGreen","54","","","","","","",""
"07/05/2026 10:00:00","24672","1047228","","Mackays Marketing","Nourish","06/30/2026 00:00:00","1","BananaCavendishPremium XL15kg CartonGreen","60","","","","","","",""
"07/05/2026 10:00:00","24672","1047229","","Mackays Marketing","Nourish","06/30/2026 00:00:00","1","BananaCavendishPremium XL15kg CartonGreen","60","","","","","","",""
"07/05/2026 10:00:00","24672","1047230","","Mackays Marketing","Nourish","06/30/2026 00:00:00","1","BananaCavendishPremium XL15kg CartonGreen","60","","","","","","",""
"07/05/2026 10:00:00","24672","1047231","","Mackays Marketing","Nourish","06/30/2026 00:00:00","1","BananaCavendishPremium XL15kg CartonGreen","60","","","","","","",""
"07/05/2026 10:00:00","24672","1047232","","Mackays Marketing","Nourish","06/30/2026 00:00:00","1","BananaCavendishPremium XL15kg CartonGreen","60","","","","","","",""
"07/05/2026 10:00:00","24672","1047233","","Mackays Marketing","Nourish","06/30/2026 00:00:00","1","BananaCavendishPremium XL15kg CartonGreen","60","","","","","","",""
"07/05/2026 10:00:00","24672","1047234","","Mackays Marketing","Nourish","06/30/2026 00:00:00","1","BananaCavendishPremium XL15kg CartonGreen","60","","","","","","",""
"07/05/2026 10:00:00","24672","1047235","","Mackays Marketing","Nourish","06/30/2026 00:00:00","1","BananaCavendishPremium XL15kg CartonGreen","60","","","","","","",""
"07/05/2026 10:00:00","24672","1047236","","Mackays Marketing","Nourish","06/30/2026 00:00:00","1","BananaCavendishPremium XL15kg CartonGreen","60","","","","","","",""
"07/05/2026 10:00:00","24672","1047237","","Mackays Marketing","Nourish","06/30/2026 00:00:00","1","BananaCavendishPremium XL15kg CartonGreen","60","","","","","","",""
"07/05/2026 10:00:00","24672","1047238","","Mackays Marketing","Nourish","06/30/2026 00:00:00","1","BananaCavendishPremium XL15kg CartonGreen","60","","","","","","",""
"07/05/2026 10:00:00","24672","1047239","","Mackays Marketing","Nourish","06/30/2026 00:00:00","1","BananaCavendishPremium XL15kg CartonGreen","60","","","","","","",""
"07/05/2026 10:00:00","24672","1047240","","Mackays Marketing","Nourish","06/30/2026 00:00:00","1","BananaCavendishPremium XL15kg CartonGreen","60","","","","","","",""
"07/05/2026 10:00:00","24672","1047241","","Mackays Marketing","Nourish","06/30/2026 00:00:00","1","BananaCavendishPremium XL15kg CartonGreen","60","","","","","","",""
"07/05/2026 10:00:00","24672","1047242","","Mackays Marketing","Nourish","06/30/2026 00:00:00","1","BananaCavendishPremium XL15kg CartonGreen","60","","","","","","",""
"07/05/2026 10:00:00","24672","1047243","","Mackays Marketing","Nourish","06/30/2026 00:00:00","1","BananaCavendishPremium XL15kg CartonGreen","60","","","","","","",""
"07/05/2026 10:00:00","24672","1047244","","Mackays Marketing","Nourish","06/30/2026 00:00:00","1","BananaCavendishPremium XL15kg CartonGreen","60","","","","","","",""
"07/05/2026 10:00:00","24672","1047245","","Mackays Marketing","Nourish","06/30/2026 00:00:00","1","BananaCavendishPremium XL15kg CartonGreen","60","","","","","","",""
"07/05/2026 10:00:00","24672","1047246","","Mackays Marketing","Nourish","06/30/2026 00:00:00","1","BananaCavendishPremium XL15kg CartonGreen","60","","","","","","",""
"07/05/2026 10:00:00","24672","1047247","","Mackays Marketing","Nourish","06/30/2026 00:00:00","1","BananaCavendishPremium XL15kg CartonGreen","60","","","","","","",""
"","","","","","","","","","","","","","","","","1308"
"07/05/2026 10:00:00","29165","1047137","","Mackays Marketing","Serra Farming","06/29/2026 00:00:00","2","BananaCavendishPremium XL15kg CartonGreen","60","","","","","","",""
"07/05/2026 10:00:00","29165","1047138","","Mackays Marketing","Serra Farming","06/29/2026 00:00:00","2","BananaCavendishPremium XL15kg CartonGreen","60","","","","","","",""
"07/05/2026 10:00:00","29165","1047139","","Mackays Marketing","Serra Farming","06/29/2026 00:00:00","2","BananaCavendishPremium XL15kg CartonGreen","60","","","","","","",""
"07/05/2026 10:00:00","29165","1047140","","Mackays Marketing","Serra Farming","06/29/2026 00:00:00","2","BananaCavendishPremium XL15kg CartonGreen","60","","","","","","",""
"07/05/2026 10:00:00","29165","1047141","","Mackays Marketing","Serra Farming","06/29/2026 00:00:00","2","BananaCavendishPremium XL15kg CartonGreen","60","","","","","","",""
"07/05/2026 10:00:00","29165","1047142","","Mackays Marketing","Serra Farming","06/29/2026 00:00:00","2","BananaCavendishPremium XL15kg CartonGreen","60","","","","","","",""
"07/05/2026 10:00:00","29165","1047143","","Mackays Marketing","Serra Farming","06/29/2026 00:00:00","2","BananaCavendishPremium XL15kg CartonGreen","60","","","","","","",""
"07/05/2026 10:00:00","29165","1047144","","Mackays Marketing","Serra Farming","06/29/2026 00:00:00","2","BananaCavendishPremium XL15kg CartonGreen","60","","","","","","",""
"07/05/2026 10:00:00","29165","1047145","","Mackays Marketing","Serra Farming","06/29/2026 00:00:00","2","BananaCavendishPremium XL15kg CartonGreen","60","","","","","","",""
"07/05/2026 10:00:00","29165","1047146","","Mackays Marketing","Serra Farming","06/29/2026 00:00:00","2","BananaCavendishPremium XL15kg CartonGreen","60","","","","","","",""
"07/05/2026 10:00:00","29165","1047147","","Mackays Marketing","Serra Farming","06/29/2026 00:00:00","2","BananaCavendishPremium XL15kg CartonGreen","60","","","","","","",""
"07/05/2026 10:00:00","29165","1047148","","Mackays Marketing","Serra Farming","06/29/2026 00:00:00","2","BananaCavendishPremium XL15kg CartonGreen","60","","","","","","",""
"07/05/2026 10:00:00","29165","1047149","","Mackays Marketing","Serra Farming","06/29/2026 00:00:00","2","BananaCavendishPremium XL15kg CartonGreen","60","","","","","","",""
"07/05/2026 10:00:00","29165","1047150","","Mackays Marketing","Serra Farming","06/29/2026 00:00:00","2","BananaCavendishPremium XL15kg CartonGreen","60","","","","","","",""
"07/05/2026 10:00:00","29165","1047151","","Mackays Marketing","Serra Farming","06/29/2026 00:00:00","2","BananaCavendishPremium XL15kg CartonGreen","60","","","","","","",""
"07/05/2026 10:00:00","29165","1047152","","Mackays Marketing","Serra Farming","06/29/2026 00:00:00","2","BananaCavendishPremium XL15kg CartonGreen","60","","","","","","",""
"07/05/2026 10:00:00","29165","1047153","","Mackays Marketing","Serra Farming","06/29/2026 00:00:00","2","BananaCavendishPremium XL15kg CartonGreen","60","","","","","","",""
"07/05/2026 10:00:00","29165","1047154","","Mackays Marketing","Serra Farming","06/29/2026 00:00:00","2","BananaCavendishPremium XL15kg CartonGreen","60","","","","","","",""
"07/05/2026 10:00:00","29165","1047155","","Mackays Marketing","Serra Farming","06/29/2026 00:00:00","2","BananaCavendishPremium XL15kg CartonGreen","60","","","","","","",""
"07/05/2026 10:00:00","29165","1047156","","Mackays Marketing","Serra Farming","06/29/2026 00:00:00","2","BananaCavendishPremium XL15kg CartonGreen","60","","","","","","",""
"07/05/2026 10:00:00","29165","1047157","","Mackays Marketing","Serra Farming","06/29/2026 00:00:00","2","BananaCavendishPremium XL15kg CartonGreen","60","","","","","","",""
"07/05/2026 10:00:00","29165","1047158","","Mackays Marketing","Serra Farming","06/29/2026 00:00:00","2","BananaCavendishPremium XL15kg CartonGreen","60","","","","","","",""
"","","","","","","","","","","","","","","","","1320"
"07/05/2026 10:00:00","30586287","1047181","","Mackays Marketing","LMB - East Palmerston","06/30/2026 00:00:00","1","BananaCavendishPremium XL15kg CartonGreen","60","","","","","","",""
"07/05/2026 10:00:00","30586287","1047182","","Mackays Marketing","LMB - East Palmerston","06/30/2026 00:00:00","1","BananaCavendishPremium XL15kg CartonGreen","60","","","","","","",""
"07/05/2026 10:00:00","30586287","1047183","","Mackays Marketing","LMB - East Palmerston","06/30/2026 00:00:00","1","BananaCavendishPremium XL15kg CartonGreen","60","","","","","","",""
"07/05/2026 10:00:00","30586287","1047184","","Mackays Marketing","LMB - East Palmerston","06/30/2026 00:00:00","1","BananaCavendishPremium XL15kg CartonGreen","60","","","","","","",""
"07/05/2026 10:00:00","30586287","1047185","","Mackays Marketing","LMB - East Palmerston","06/30/2026 00:00:00","1","BananaCavendishPremium XL15kg CartonGreen","60","","","","","","",""
"07/05/2026 10:00:00","30586287","1047186","","Mackays Marketing","LMB - East Palmerston","06/30/2026 00:00:00","1","BananaCavendishPremium XL15kg CartonGreen","60","","","","","","",""
"07/05/2026 10:00:00","30586287","1047187","","Mackays Marketing","LMB - East Palmerston","06/30/2026 00:00:00","1","BananaCavendishPremium XL15kg CartonGreen","60","","","","","","",""
"07/05/2026 10:00:00","30586287","1047188","","Mackays Marketing","LMB - East Palmerston","06/30/2026 00:00:00","1","BananaCavendishPremium XL15kg CartonGreen","60","","","","","","",""
"07/05/2026 10:00:00","30586287","1047189","","Mackays Marketing","LMB - East Palmerston","06/30/2026 00:00:00","1","BananaCavendishPremium XL15kg CartonGreen","60","","","","","","",""
"07/05/2026 10:00:00","30586287","1047190","","Mackays Marketing","LMB - East Palmerston","06/30/2026 00:00:00","1","BananaCavendishPremium XL15kg CartonGreen","60","","","","","","",""
"07/05/2026 10:00:00","30586287","1047191","","Mackays Marketing","LMB - East Palmerston","06/30/2026 00:00:00","1","BananaCavendishPremium XL15kg CartonGreen","60","","","","","","",""
"07/05/2026 10:00:00","30586287","1047192","","Mackays Marketing","LMB - East Palmerston","06/30/2026 00:00:00","1","BananaCavendishPremium XL15kg CartonGreen","60","","","","","","",""
"07/05/2026 10:00:00","30586287","1047193","","Mackays Marketing","LMB - East Palmerston","06/30/2026 00:00:00","1","BananaCavendishPremium XL15kg CartonGreen","60","","","","","","",""
"07/05/2026 10:00:00","30586287","1047194","","Mackays Marketing","LMB - East Palmerston","06/30/2026 00:00:00","1","BananaCavendishPremium XL15kg CartonGreen","60","","","","","","",""
"07/05/2026 10:00:00","30586287","1047195","","Mackays Marketing","LMB - East Palmerston","06/30/2026 00:00:00","1","BananaCavendishPremium XL15kg CartonGreen","60","","","","","","",""
"07/05/2026 10:00:00","30586287","1047196","","Mackays Marketing","LMB - East Palmerston","06/30/2026 00:00:00","1","BananaCavendishPremium XL15kg CartonGreen","60","","","","","","",""
"07/05/2026 10:00:00","30586287","1047197","","Mackays Marketing","LMB - East Palmerston","06/30/2026 00:00:00","1","BananaCavendishPremium XL15kg CartonGreen","60","","","","","","",""
"07/05/2026 10:00:00","30586287","1047198","","Mackays Marketing","LMB - East Palmerston","06/30/2026 00:00:00","1","BananaCavendishPremium XL15kg CartonGreen","60","","","","","","",""
"07/05/2026 10:00:00","30586287","1047199","","Mackays Marketing","LMB - East Palmerston","06/30/2026 00:00:00","1","BananaCavendishPremium XL15kg CartonGreen","60","","","","","","",""
"07/05/2026 10:00:00","30586287","1047200","","Mackays Marketing","LMB - East Palmerston","06/30/2026 00:00:00","1","BananaCavendishPremium XL15kg CartonGreen","60","","","","","","",""
"","","","","","","","","","","","","","","","","1200"
"07/06/2026 12:00:00","570273","1047204","","Mackays Marketing","G & J Flegler - Mareeba Farm","06/30/2026 00:00:00","1","BananaCavendishPremium XL15kg CartonGreen","60","","","","","","",""
"07/06/2026 12:00:00","570273","1047205","","Mackays Marketing","G & J Flegler - Mareeba Farm","06/30/2026 00:00:00","1","BananaCavendishPremium XL15kg CartonGreen","60","","","","","","",""
"07/06/2026 12:00:00","570273","1047206","","Mackays Marketing","G & J Flegler - Mareeba Farm","06/30/2026 00:00:00","1","BananaCavendishPremium XL15kg CartonGreen","60","","","","","","",""
"07/06/2026 12:00:00","570273","1047207","","Mackays Marketing","G & J Flegler - Mareeba Farm","06/30/2026 00:00:00","1","BananaCavendishPremium XL15kg CartonGreen","60","","","","","","",""
"07/06/2026 12:00:00","570273","1047208","","Mackays Marketing","G & J Flegler - Mareeba Farm","06/30/2026 00:00:00","1","BananaCavendishPremium XL15kg CartonGreen","60","","","","","","",""
"07/06/2026 12:00:00","570273","1047209","","Mackays Marketing","G & J Flegler - Mareeba Farm","06/30/2026 00:00:00","1","BananaCavendishPremium XL15kg CartonGreen","60","","","","","","",""
"07/06/2026 12:00:00","570273","1047210","","Mackays Marketing","G & J Flegler - Mareeba Farm","06/30/2026 00:00:00","1","BananaCavendishPremium XL15kg CartonGreen","60","","","","","","",""
"07/06/2026 12:00:00","570273","1047211","","Mackays Marketing","G & J Flegler - Mareeba Farm","06/30/2026 00:00:00","1","BananaCavendishPremium XL15kg CartonGreen","60","","","","","","",""
"07/06/2026 12:00:00","570273","1047212","","Mackays Marketing","G & J Flegler - Mareeba Farm","06/30/2026 00:00:00","1","BananaCavendishPremium XL15kg CartonGreen","60","","","","","","",""
"07/06/2026 12:00:00","570273","1047213","","Mackays Marketing","G & J Flegler - Mareeba Farm","06/30/2026 00:00:00","1","BananaCavendishPremium XL15kg CartonGreen","60","","","","","","",""
"07/06/2026 12:00:00","570273","1047214","","Mackays Marketing","G & J Flegler - Mareeba Farm","06/30/2026 00:00:00","1","BananaCavendishPremium XL15kg CartonGreen","60","","","","","","",""
"07/06/2026 12:00:00","570273","1047215","","Mackays Marketing","G & J Flegler - Mareeba Farm","06/30/2026 00:00:00","1","BananaCavendishPremium XL15kg CartonGreen","60","","","","","","",""
"07/06/2026 12:00:00","570273","1047216","","Mackays Marketing","G & J Flegler - Mareeba Farm","06/30/2026 00:00:00","1","BananaCavendishPremium XL15kg CartonGreen","60","","","","","","",""
"07/06/2026 12:00:00","570273","1047217","","Mackays Marketing","G & J Flegler - Mareeba Farm","06/30/2026 00:00:00","1","BananaCavendishPremium XL15kg CartonGreen","60","","","","","","",""
"07/06/2026 12:00:00","570273","1047218","","Mackays Marketing","G & J Flegler - Mareeba Farm","06/30/2026 00:00:00","1","BananaCavendishPremium XL15kg CartonGreen","60","","","","","","",""
"07/06/2026 12:00:00","570273","1047219","","Mackays Marketing","G & J Flegler - Mareeba Farm","06/30/2026 00:00:00","1","BananaCavendishPremium XL15kg CartonGreen","60","","","","","","",""
"07/06/2026 12:00:00","570273","1047220","","Mackays Marketing","G & J Flegler - Mareeba Farm","06/30/2026 00:00:00","1","BananaCavendishPremium XL15kg CartonGreen","60","","","","","","",""
"07/06/2026 12:00:00","570273","1047221","","Mackays Marketing","G & J Flegler - Mareeba Farm","06/30/2026 00:00:00","1","BananaCavendishPremium XL15kg CartonGreen","60","","","","","","",""
"07/06/2026 12:00:00","570273","1047222","","Mackays Marketing","G & J Flegler - Mareeba Farm","06/30/2026 00:00:00","1","BananaCavendishPremium XL15kg CartonGreen","60","","","","","","",""
"07/06/2026 12:00:00","570273","1047223","","Mackays Marketing","G & J Flegler - Mareeba Farm","06/30/2026 00:00:00","1","BananaCavendishPremium XL15kg CartonGreen","60","","","","","","",""
"07/06/2026 12:00:00","570273","1047224","","Mackays Marketing","G & J Flegler - Mareeba Farm","06/30/2026 00:00:00","1","BananaCavendishPremium XL15kg CartonGreen","54","","","","","","",""
"07/06/2026 12:00:00","570273","1047225","","Mackays Marketing","G & J Flegler - Mareeba Farm","06/30/2026 00:00:00","1","BananaCavendishPremium XL15kg CartonGreen","54","","","","","","",""
"","","","","","","","","","","","","","","","","1308"
