marketer31,consignee11,description21,order_no211,scheduled_delivery_on21,TextBox12,TextBox18,version_no211,TextBox271,TextBox274
"","Woolworths Brisbane","15kg Exports","0111142923","07/03/2026 00:00:00","960","37.680000","1","960","37.680000"
"","","","0111143332","07/04/2026 00:00:00","1308","37.680000","1","1308","37.680000"
"","","","0111142924","07/04/2026 00:00:00","1308","37.680000","1","1308","37.680000"
"","","","0111143336","07/04/2026 00:00:00","1330","37.680000","1","1330","37.680000"
"","","","0111142926","07/06/2026 00:00:00","960","37.680000","1","960","37.680000"
"","","","0111142925","07/06/2026 00:00:00","1308","37.680000","1","1308","37.680000"
"","","","","","","","2","1308","37.680000"
"","","","0111143337","07/06/2026 00:00:00","1330","37.680000","1","1330","37.680000"
"","","","0111143333","07/07/2026 00:00:00","1308","37.680000","1","1308","37.680000"
"","","","","","","","3","1308","35.370000"
"","","","","","","","4","1308","37.680000"
"","","","0111172811","07/07/2026 00:00:00","600","37.680000","1","600","37.680000"
"","","","0111172812","07/08/2026 00:00:00","960","37.680000","1","960","37.680000"
"","","","0111172813","07/09/2026 00:00:00","960","37.680000","1","960","37.680000"
"","","","0111172814","07/10/2026 00:00:00","840","37.680000","1","840","37.680000"
"","","","0111172900","07/11/2026 00:00:00","1308","37.680000","1","1308","37.680000"
"","","","0111172903","07/11/2026 00:00:00","1330","37.680000","1","1330","37.680000"
"","","","0111172815","07/11/2026 00:00:00","960","37.680000","1","960","37.680000"
"","","","0111172901","07/12/2026 00:00:00","1308","37.680000","1","1308","37.680000"
"","","","0111172816","07/12/2026 00:00:00","960","37.680000","1","960","37.680000"
"","","","0111172904","07/13/2026 00:00:00","1330","37.680000","1","1330","37.680000"
"","","","0111172817","07/13/2026 00:00:00","1080","37.680000","1","1080","37.680000"
"","","","0111172902","07/13/2026 00:00:00","1308","37.680000","1","1308","37.680000"
"","","15kg Semi Ripe","0111172892","07/11/2026 00:00:00","600","40.350000","1","600","40.350000"
"","","","0111172893","07/12/2026 00:00:00","720","40.350000","1","720","40.350000"
"","","","0111172894","07/13/2026 00:00:00","660","40.350000","1","660","40.350000"
"","","","0111172795","07/14/2026 00:00:00","660","40.350000","1","660","40.350000"
"","","Collars - WOW","0111142926","07/06/2026 00:00:00","396","39.600000","1","396","39.600000"
"","","","0111172811","07/07/2026 00:00:00","720","36.000000","1","720","36.000000"
"","","","0111172812","07/08/2026 00:00:00","396","36.000000","1","396","36.000000"
"","","","0111172813","07/09/2026 00:00:00","396","36.000000","1","396","36.000000"
"","","","0111172814","07/10/2026 00:00:00","528","36.000000","1","528","36.000000"
"","","","0111172815","07/11/2026 00:00:00","396","36.000000","1","396","36.000000"
"","","","0111172816","07/12/2026 00:00:00","396","36.000000","1","396","36.000000"
"","","","0111172817","07/13/2026 00:00:00","264","36.000000","1","264","36.000000"
"","Woolworths Tasmania","15kg Exports","0111172826","07/08/2026 12:00:00","600","36.520000","1","480","36.520000"
"","","","","","","","2","600","36.520000"
"","","Collars - WOW","0111172826","07/08/2026 12:00:00","198","36.000000","1","198","36.000000"
"","","","","","","","2","198","36.000000"
"","Woolworths Townsville","15kg Exports","0111142932","07/05/2026 07:00:00","540","36.810000","1","540","36.810000"
"","","","","","","","2","540","36.810000"
"","","","","","","","3","540","36.810000"
"","","","0111142933","07/06/2026 07:00:00","480","36.810000","1","480","36.810000"
"","","","","","","","2","480","36.810000"
"","","","0111172818","07/07/2026 07:00:00","480","36.810000","1","480","36.810000"
"","","","","","","","2","480","36.810000"
"","","","0111172819","07/08/2026 07:00:00","480","36.810000","1","480","36.810000"
"","","","0111172820","07/09/2026 07:00:00","480","36.810000","1","480","36.810000"
"","","","0111172821","07/10/2026 07:00:00","480","36.810000","1","480","36.810000"
"","","","","","","","2","480","36.810000"
"","","","0111172822","07/11/2026 07:00:00","480","36.810000","1","480","36.810000"
"","","","0111172823","07/12/2026 07:00:00","480","36.810000","1","480","36.810000"
"","","","0111172824","07/13/2026 07:00:00","480","36.810000","1","480","36.810000"
"","","15kg Semi Ripe","0111142932","07/05/2026 07:00:00","120","38.660000","1","120","38.660000"
"","","","","","","","2","120","38.660000"
"","","","","","","","3","120","38.660000"
"","","","0111142933","07/06/2026 07:00:00","120","38.660000","1","120","38.660000"
"","","","","","","","2","120","38.660000"
"","","","0111172818","07/07/2026 07:00:00","120","38.660000","1","60","38.660000"
"","","","","","","","2","120","38.660000"
"","","","0111172819","07/08/2026 07:00:00","120","38.660000","1","120","38.660000"
"","","","0111172820","07/09/2026 07:00:00","120","38.660000","1","120","38.660000"
"","","","0111172821","07/10/2026 07:00:00","120","38.660000","1","120","38.660000"
"","","","","","","","2","120","38.660000"
"","","","0111172822","07/11/2026 07:00:00","120","38.660000","1","120","38.660000"
"","","","0111172823","07/12/2026 07:00:00","120","38.660000","1","120","38.660000"
"","","","0111172824","07/13/2026 07:00:00","120","38.660000","1","120","38.660000"
"","","BananaCavendishPremiumL450gCollarsRipe","0111142932","07/05/2026 07:00:00","60","41.600000","1","144","41.600000"
"","","","","","","","2","72","41.600000"
"","","","","","","","3","60","41.600000"
"","","","0111142933","07/06/2026 07:00:00","144","41.600000","1","72","41.600000"
"","","","","","","","2","144","41.600000"
"","","","0111172818","07/07/2026 07:00:00","72","41.600000","1","72","41.600000"
"","","","","","","","2","72","41.600000"
"","","","0111172819","07/08/2026 07:00:00","72","41.600000","1","72","41.600000"
"","","","0111172820","07/09/2026 07:00:00","72","41.600000","1","72","41.600000"
"","","","0111172821","07/10/2026 07:00:00","144","41.600000","1","144","41.600000"
"","","","","","","","2","144","41.600000"
"","","","0111172822","07/11/2026 07:00:00","144","41.600000","1","144","41.600000"
"","","","0111172823","07/12/2026 07:00:00","72","41.600000","1","72","41.600000"
"","","","0111172824","07/13/2026 07:00:00","144","41.600000","1","144","41.600000"
"","","Red Hill 10kg Small","0111167433","07/04/2026 07:00:00","72","25.000000","1","72","25.000000"
"Mackays Marketing","ALDI Brendale","Ruby Rise Tray 6","8512185919","06/30/2026 00:00:00","40","27.000000","1","40","27.000000"
"","","","8512214264","07/01/2026 00:00:00","40","","1","40",""
"","ALDI Derrimut","Ruby Rise Tray 6","8512202779","07/01/2026 00:00:00","32","","1","32",""
"","ALDI Jandakot","15kg Ripes","8512182634","06/30/2026 00:00:00","143","51.000000","1","143","51.000000"
"","","","8512208732","07/01/2026 00:00:00","173","","1","173",""
"","ALDI Stapylton","15kg Ripes","8512185566","06/30/2026 00:00:00","395","37.000000","1","395","37.000000"
"","","","8512213885","07/01/2026 00:00:00","508","","1","508",""
"","Allied Pinnacle - Melbourne (Chilled)","Store at temperatures from 0 to below 5°C","PO2000083036-2","07/20/2026 12:00:00","1824","","1","1920",""
"","","","","","","","2","1824",""
"","","","PO2000083037-2","07/27/2026 12:00:00","1680","","1","1680",""
"","Allied Pinnacle - Sydney (Chilled)","Store at temperatures from 0 to below 5°C","PO2000082592","07/06/2026 12:00:00","595","","1","595",""
"","Allied Pinnacle - Sydney (Frozen)","Store at or below -18°C","PO2000084597","07/27/2026 12:00:00","1200","","1","1200",""
"","","","PO2000084598","08/12/2026 12:00:00","1152","","1","1152",""
"","APP Eastern Creek - Location","Ruby Rise Tray 6","Week 27 - 906","07/03/2026 10:00:00","104","","1","104",""
"","","","Week 27 - 917","07/06/2026 10:00:00","312","","1","312",""
"","Clasico Fresh","15kg Ripes","CLASICO - 02.07.26","07/02/2026 10:00:00","1","","1","1",""
"","","","CLASICO - 05.07.26","07/05/2026 10:00:00","1","","1","1",""
"","Coles Eastern Creek","Ruby Rise Tray 6","2985004","06/30/2026 00:00:00","104","22.000000","1","104","22.000000"
"","","","2985005","07/02/2026 00:00:00","104","22.000000","1","104","22.000000"
"","","","2985008","07/03/2026 00:00:00","104","22.000000","1","104","22.000000"
"","","","2985006","07/06/2026 00:00:00","104","22.000000","1","104","22.000000"
"","","Ruby Rise Tray 7","2985008","07/03/2026 00:00:00","104","25.500000","2","104","25.500000"
"","Coles Melbourne","15kg Ripes","3889534","06/30/2026 00:00:00","2640","42.690000","1","2520","42.690000"
"","","","","","","","2","2520","42.690000"
"","","","","","","","3","2520","42.690000"
"","","","","","","","4","2520","42.690000"
"","","","","","","","5","2640","42.690000"
"","","","","","","","6","2640","42.690000"
"","","","","","","","7","2640","42.690000"
"","","","3889535","07/01/2026 00:00:00","2640","42.690000","1","2640","42.690000"
"","","","","","","","2","2640","42.690000"
"","","","","","","","3","2640","42.690000"
"","","","3889536","07/02/2026 00:00:00","2880","42.690000","1","2880","42.690000"
"","","","","","","","2","2880","42.690000"
"","","","","","","","3","2880","42.690000"
"","","","","","","","4","2640","42.690000"
"","","","","","","","5","2880","42.690000"
"","","","3889537","07/03/2026 00:00:00","3600","42.690000","1","3600","42.690000"
"","","","","","","","2","3600","42.690000"
"","","","","","","","3","3600","42.690000"
"","","","3889538","07/04/2026 00:00:00","4740","42.690000","1","4740","42.690000"
"","","","","","","","2","4740","42.690000"
"","","","","","","","3","4740","42.690000"
"","","","3889539","07/05/2026 00:00:00","3300","42.690000","1","3300","42.690000"
"","","","","","","","2","3300","42.690000"
"","","","","","","","3","3300","42.690000"
"","","","3889540","07/06/2026 00:00:00","2100","42.690000","1","2100","42.690000"
"","","","","","","","2","2100","42.690000"
"","","","","","","","3","2100","42.690000"
"","","15kg Semi Ripe","3889534","06/30/2026 00:00:00","600","42.690000","1","600","42.690000"
"","","","","","","","2","600","42.690000"
"","","","","","","","3","600","42.690000"
"","","","","","","","4","600","42.690000"
"","","","","","","","5","600","42.690000"
"","","","","","","","6","600","42.690000"
"","","","","","","","7","600","42.690000"
"","","","3889535","07/01/2026 00:00:00","600","42.690000","1","600","42.690000"
"","","","","","","","2","600","42.690000"
"","","","","","","","3","600","42.690000"
"","","","3889536","07/02/2026 00:00:00","720","42.690000","1","720","42.690000"
"","","","","","","","2","720","42.690000"
"","","","","","","","3","720","42.690000"
"","","","","","","","4","720","42.690000"
"","","","","","","","5","720","42.690000"
"","","","3889537","07/03/2026 00:00:00","720","42.690000","1","720","42.690000"
"","","","","","","","2","720","42.690000"
"","","","","","","","3","720","42.690000"
"","","","3889538","07/04/2026 00:00:00","900","42.690000","1","900","42.690000"
"","","","","","","","2","900","42.690000"
"","","","","","","","3","900","42.690000"
"","","","3889539","07/05/2026 00:00:00","900","42.690000","1","900","42.690000"
"","","","","","","","2","900","42.690000"
"","","","","","","","3","900","42.690000"
"","","","3889540","07/06/2026 00:00:00","720","42.690000","1","720","42.690000"
"","","","","","","","2","720","42.690000"
"","","","","","","","3","720","42.690000"
"","","Avocado Hass Class 1 Coles Returnable Crates Im Perfect 1kg Net","3889534","06/30/2026 00:00:00","72","48.000000","1","72","48.000000"
"","","","","","","","2","72","48.000000"
"","","","","","","","3","72","48.000000"
"","","","","","","","4","72","48.000000"
"","","","","","","","5","72","48.000000"
"","","","","","","","6","72","48.000000"
"","","","","","","","7","72","48.000000"
"","","","3889535","07/01/2026 00:00:00","72","48.000000","1","72","48.000000"
"","","","","","","","2","72","48.000000"
"","","","","","","","3","72","48.000000"
"","","","3889536","07/02/2026 00:00:00","72","48.000000","1","72","48.000000"
"","","","","","","","2","72","48.000000"
"","","","","","","","3","72","48.000000"
"","","","","","","","4","72","48.000000"
"","","","","","","","5","72","48.000000"
"","","","3889537","07/03/2026 00:00:00","72","48.000000","1","72","48.000000"
"","","","","","","","2","72","48.000000"
"","","","","","","","3","72","48.000000"
"","","","3889538","07/04/2026 00:00:00","72","48.000000","1","72","48.000000"
"","","","","","","","2","72","48.000000"
"","","","","","","","3","72","48.000000"
"","","Avocado Hass Premium 16 Tray","3889534","06/30/2026 00:00:00","480","30.500000","4","480","30.500000"
"","","","","","","","5","480","30.500000"
"","","","","","","","6","480","30.500000"
"","","","","","","","7","480","30.500000"
"","","","3889535","07/01/2026 00:00:00","244","30.500000","3","244","30.500000"
"","","","3889536","07/02/2026 00:00:00","200","30.500000","3","200","30.500000"
"","","","","","","","4","200","30.500000"
"","","","","","","","5","200","30.500000"
"","","","3889537","07/03/2026 00:00:00","160","30.500000","3","160","30.500000"
"","","","3889538","07/04/2026 00:00:00","160","30.500000","3","160","30.500000"
"","","","3889539","07/05/2026 00:00:00","140","30.500000","3","140","30.500000"
"","","","3889540","07/06/2026 00:00:00","160","30.500000","3","160","30.500000"
"","","Avocado Hass Premium 18 Tray","3889534","06/30/2026 00:00:00","320","32.500000","1","320","32.500000"
"","","","","","","","2","320","32.500000"
"","","","3889535","07/01/2026 00:00:00","76","32.500000","1","320","32.500000"
"","","","","","","","2","76","32.500000"
"","","","","","","","3","76","32.500000"
"","","","3889536","07/02/2026 00:00:00","23","32.500000","1","320","32.500000"
"","","","","","","","2","23","32.500000"
"","","","","","","","3","23","32.500000"
"","","","","","","","4","23","32.500000"
"","","","","","","","5","23","32.500000"
"","","","3889537","07/03/2026 00:00:00","320","32.500000","1","320","32.500000"
"","","","","","","","2","320","32.500000"
"","","","","","","","3","320","32.500000"
"","","","3889538","07/04/2026 00:00:00","40","32.500000","1","320","32.500000"
"","","","","","","","2","40","32.500000"
"","","","","","","","3","40","32.500000"
"","","","3889539","07/05/2026 00:00:00","20","32.500000","1","160","32.500000"
"","","","","","","","2","20","32.500000"
"","","","","","","","3","20","32.500000"
"","","","3889540","07/06/2026 00:00:00","480","32.500000","1","320","32.500000"
"","","","","","","","2","320","32.500000"
"","","","","","","","3","480","32.500000"
"","","Avocado Hass Premium 20 Tray","3889535","07/01/2026 00:00:00","1","34.500000","3","1","34.500000"
"","","","3889536","07/02/2026 00:00:00","211","34.500000","3","211","34.500000"
"","","","","","","","4","211","34.500000"
"","","","","","","","5","211","34.500000"
"","","","3889537","07/03/2026 00:00:00","160","34.500000","1","160","34.500000"
"","","","","","","","2","160","34.500000"
"","","","","","","","3","160","34.500000"
"","","","3889538","07/04/2026 00:00:00","480","34.500000","1","160","34.500000"
"","","","","","","","2","160","34.500000"
"","","","","","","","3","480","34.500000"
"","","","3889539","07/05/2026 00:00:00","160","34.500000","3","160","34.500000"
"","","Avocado Hass Premium 23 Tray","3889534","06/30/2026 00:00:00","160","34.500000","1","160","34.500000"
"","","","","","","","2","160","34.500000"
"","","","3889535","07/01/2026 00:00:00","159","34.500000","1","160","34.500000"
"","","","","","","","2","159","34.500000"
"","","","","","","","3","159","34.500000"
"","","","3889536","07/02/2026 00:00:00","46","34.500000","1","160","34.500000"
"","","","","","","","2","46","34.500000"
"","","","","","","","3","46","34.500000"
"","","","","","","","4","46","34.500000"
"","","","","","","","5","46","34.500000"
"","","","3889537","07/03/2026 00:00:00","160","34.500000","1","160","34.500000"
"","","","3889538","07/04/2026 00:00:00","120","34.500000","1","320","34.500000"
"","","","","","","","2","120","34.500000"
"","","","","","","","3","120","34.500000"
"","","","3889539","07/05/2026 00:00:00","160","34.500000","1","160","34.500000"
"","","","3889540","07/06/2026 00:00:00","320","34.500000","1","320","34.500000"
"","","AvocadoHassClass 1Coles Returnable Crates5 Pack","3889534","06/30/2026 00:00:00","72","48.000000","1","72","48.000000"
"","","","","","","","2","72","48.000000"
"","","","","","","","3","72","48.000000"
"","","","","","","","4","72","48.000000"
"","","","","","","","5","72","48.000000"
"","","","","","","","6","72","48.000000"
"","","","","","","","7","72","48.000000"
"","","","3889535","07/01/2026 00:00:00","72","48.000000","1","72","48.000000"
"","","","","","","","2","72","48.000000"
"","","","","","","","3","72","48.000000"
"","","","3889536","07/02/2026 00:00:00","72","48.000000","1","72","48.000000"
"","","","","","","","2","72","48.000000"
"","","","","","","","3","72","48.000000"
"","","","","","","","4","72","48.000000"
"","","","","","","","5","72","48.000000"
"","","","3889537","07/03/2026 00:00:00","72","48.000000","1","72","48.000000"
"","","","","","","","2","72","48.000000"
"","","","","","","","3","72","48.000000"
"","","","3889540","07/06/2026 00:00:00","72","48.000000","1","72","48.000000"
"","","","","","","","2","72","48.000000"
"","","","","","","","3","72","48.000000"
"","","Kids Packs - Coles","3889534","06/30/2026 00:00:00","264","37.000000","1","660","37.000000"
"","","","","","","","2","396","37.000000"
"","","","","","","","3","396","37.000000"
"","","","","","","","4","396","37.000000"
"","","","","","","","5","396","37.000000"
"","","","","","","","6","462","37.000000"
"","","","","","","","7","264","37.000000"
"","","","3889535","07/01/2026 00:00:00","396","37.000000","1","396","37.000000"
"","","","","","","","2","396","37.000000"
"","","","","","","","3","396","37.000000"
"","","","3889536","07/02/2026 00:00:00","396","37.000000","1","396","37.000000"
"","","","","","","","2","396","37.000000"
"","","","","","","","3","396","37.000000"
"","","","","","","","4","396","37.000000"
"","","","","","","","5","396","37.000000"
"","","","3889537","07/03/2026 00:00:00","660","37.000000","1","660","37.000000"
"","","","","","","","2","660","37.000000"
"","","","","","","","3","660","37.000000"
"","","","3889538","07/04/2026 00:00:00","594","37.000000","1","594","37.000000"
"","","","","","","","2","594","37.000000"
"","","","","","","","3","594","37.000000"
"","","","3889539","07/05/2026 00:00:00","330","37.000000","1","330","37.000000"
"","","","","","","","2","330","37.000000"
"","","","","","","","3","330","37.000000"
"","","","3889540","07/06/2026 00:00:00","330","37.000000","1","330","37.000000"
"","","","","","","","2","330","37.000000"
"","","","","","","","3","330","37.000000"
"","","PassionfruitPanamaPremium 405kg Carton","3889223","07/02/2026 00:00:00","48","42.000000","2","48","42.000000"
"","","","3889224","07/03/2026 00:00:00","48","42.000000","2","48","42.000000"
"","","PassionfruitPanamaPremium 505kg Carton","3889223","07/02/2026 00:00:00","48","42.000000","1","48","42.000000"
"","","","3889224","07/03/2026 00:00:00","48","42.000000","1","48","42.000000"
"","","Ruby Rise Tray 6","3889208","06/30/2026 00:00:00","104","20.000000","1","104","20.000000"
"","","","3889209","07/01/2026 00:00:00","104","20.000000","1","104","20.000000"
"","","","3889220","07/03/2026 00:00:00","104","20.000000","1","104","20.000000"
"","","","3889219","07/04/2026 00:00:00","104","20.000000","1","104","20.000000"
"","","","3889210","07/06/2026 00:00:00","104","20.000000","1","104","20.000000"
"","Coles Parkinson","PassionfruitPanamaPremium 405kg Carton","4864027","06/30/2026 00:00:00","48","40.000000","2","48","40.000000"
"","","","4863918","07/06/2026 00:00:00","48","40.000000","2","48","40.000000"
"","","PassionfruitPanamaPremium 505kg Carton","4864027","06/30/2026 00:00:00","48","40.000000","1","48","40.000000"
"","","","4863918","07/06/2026 00:00:00","48","40.000000","1","48","40.000000"
"","","Ruby Rise Tray 6","4863899","07/02/2026 00:00:00","104","21.000000","1","104","21.000000"
"","","","4863900","07/05/2026 00:00:00","104","21.000000","1","104","21.000000"
"","","Ruby Rise Tray 7","4864408","07/01/2026 00:00:00","104","24.500000","1","104","24.500000"
"","Coles South Australia","15kg Ripes","5591444","07/02/2026 00:00:00","660","45.120000","1","660","45.120000"
"","","","","","","","2","660","45.120000"
"","","","5591445","07/03/2026 00:00:00","1020","45.120000","1","1020","45.120000"
"","","","5591446","07/04/2026 00:00:00","720","45.120000","1","720","45.120000"
"","","","5591447","07/05/2026 00:00:00","540","45.120000","1","540","45.120000"
"","","","5591448","07/06/2026 00:00:00","540","45.120000","1","540","45.120000"
"","","15kg Semi Ripe","5591442","06/30/2026 00:00:00","60","45.120000","1","180","45.120000"
"","","","","","","","3","60","45.120000"
"","","","5591443","07/01/2026 00:00:00","240","45.120000","2","180","45.120000"
"","","","","","","","3","240","45.120000"
"","","","","","","","4","240","45.120000"
"","","","5591444","07/02/2026 00:00:00","180","45.120000","1","180","45.120000"
"","","","","","","","2","180","45.120000"
"","","","5591445","07/03/2026 00:00:00","180","45.120000","1","180","45.120000"
"","","","5591446","07/04/2026 00:00:00","180","45.120000","1","180","45.120000"
"","","","5591447","07/05/2026 00:00:00","180","45.120000","1","180","45.120000"
"","","","5591448","07/06/2026 00:00:00","180","45.120000","1","180","45.120000"
"","","Kids Packs - Coles","5591442","06/30/2026 00:00:00","132","38.850000","1","66","38.850000"
"","","","","","","","2","66","38.850000"
"","","","","","","","3","132","38.850000"
"","","","","","","","4","132","38.850000"
"","","","5591443","07/01/2026 00:00:00","198","38.850000","1","132","38.850000"
"","","","","","","","2","132","38.850000"
"","","","","","","","3","132","38.850000"
"","","","","","","","4","198","38.850000"
"","","","5591444","07/02/2026 00:00:00","132","38.850000","1","66","38.850000"
"","","","","","","","2","132","38.850000"
"","","","5591445","07/03/2026 00:00:00","132","38.850000","1","132","38.850000"
"","","","5591446","07/04/2026 00:00:00","132","38.850000","1","132","38.850000"
"","","","5591447","07/05/2026 00:00:00","132","38.850000","1","132","38.850000"
"","","","5591448","07/06/2026 00:00:00","66","38.850000","1","66","38.850000"
"","Coles Tasmania","Kids Packs - Coles","7279385","06/30/2026 00:00:00","66","38.000000","1","66","38.000000"
"","","","7279386","07/01/2026 00:00:00","66","38.000000","1","66","38.000000"
"","","","7279390","07/02/2026 00:00:00","66","38.000000","1","66","38.000000"
"","","","7279387","07/03/2026 00:00:00","66","38.000000","1","66","38.000000"
"","","","7279388","07/04/2026 00:00:00","132","38.000000","1","132","38.000000"
"","","","7279389","07/05/2026 00:00:00","132","38.000000","1","66","38.000000"
"","","","","","","","2","132","38.000000"
"","Coles Townsville","15kg Ripes","1214635","06/30/2026 00:00:00","360","40.380000","1","240","40.380000"
"","","","","","","","2","300","40.380000"
"","","","","","","","3","360","40.380000"
"","","","","","","","4","360","40.380000"
"","","","","","","","5","360","40.380000"
"","","","1214554","07/01/2026 00:00:00","330","40.380000","1","240","40.380000"
"","","","","","","","2","330","40.380000"
"","","","","","","","3","330","40.380000"
"","","","","","","","4","330","40.380000"
"","","","1214636","07/02/2026 00:00:00","300","40.380000","1","300","40.380000"
"","","","","","","","2","300","40.380000"
"","","","1214639","07/03/2026 00:00:00","300","40.380000","1","300","40.380000"
"","","","1214637","07/04/2026 00:00:00","360","40.380000","1","360","40.380000"
"","","","1214638","07/05/2026 00:00:00","300","40.380000","1","300","40.380000"
"","","","1214556","07/06/2026 00:00:00","300","40.380000","1","300","40.380000"
"","","15kg Semi Ripe","1214635","06/30/2026 00:00:00","60","40.380000","1","60","40.380000"
"","","","","","","","2","60","40.380000"
"","","","1214554","07/01/2026 00:00:00","60","40.380000","1","60","40.380000"
"","","","1214636","07/02/2026 00:00:00","60","40.380000","1","60","40.380000"
"","","","","","","","2","60","40.380000"
"","","","1214639","07/03/2026 00:00:00","60","40.380000","1","60","40.380000"
"","","","1214637","07/04/2026 00:00:00","60","40.380000","1","60","40.380000"
"","","","1214638","07/05/2026 00:00:00","60","40.380000","1","60","40.380000"
"","","","1214556","07/06/2026 00:00:00","60","40.380000","1","60","40.380000"
"","","Avocado Hass Premium 20 Tray","1214635","06/30/2026 00:00:00","160","34.000000","1","320","34.000000"
"","","","","","","","2","320","34.000000"
"","","","","","","","3","320","34.000000"
"","","","","","","","4","160","34.000000"
"","","","","","","","5","160","34.000000"
"","","","1214554","07/01/2026 00:00:00","160","34.000000","1","320","34.000000"
"","","","","","","","4","160","34.000000"
"","","","1214636","07/02/2026 00:00:00","160","34.000000","1","320","34.000000"
"","","","","","","","2","160","34.000000"
"","","","1214639","07/03/2026 00:00:00","320","34.000000","1","320","34.000000"
"","","","1214637","07/04/2026 00:00:00","320","34.000000","1","320","34.000000"
"","","","1214638","07/05/2026 00:00:00","160","34.000000","1","160","34.000000"
"","","","1214556","07/06/2026 00:00:00","320","34.000000","1","320","34.000000"
"","","Avocado Hass Premium 23 Tray","1214635","06/30/2026 00:00:00","160","34.000000","4","160","34.000000"
"","","","","","","","5","160","34.000000"
"","","","1214554","07/01/2026 00:00:00","182","34.000000","2","182","34.000000"
"","","","","","","","3","342","34.000000"
"","","","","","","","4","182","34.000000"
"","","Avocado Hass Premium 25 Tray","1214554","07/01/2026 00:00:00","138","34.000000","2","138","34.000000"
"","","","","","","","3","138","34.000000"
"","","","","","","","4","138","34.000000"
"","","Kids Packs - Coles","1214635","06/30/2026 00:00:00","66","35.000000","1","132","35.000000"
"","","","","","","","2","132","35.000000"
"","","","","","","","3","36","35.000000"
"","","","","","","","4","36","35.000000"
"","","","","","","","5","66","35.000000"
"","","","1214554","07/01/2026 00:00:00","132","35.000000","1","66","35.000000"
"","","","","","","","2","132","35.000000"
"","","","","","","","3","132","35.000000"
"","","","","","","","4","132","35.000000"
"","","","1214636","07/02/2026 00:00:00","66","35.000000","1","66","35.000000"
"","","","","","","","2","66","35.000000"
"","","","1214639","07/03/2026 00:00:00","66","35.000000","1","66","35.000000"
"","","","1214637","07/04/2026 00:00:00","66","35.000000","1","66","35.000000"
"","","","1214638","07/05/2026 00:00:00","66","35.000000","1","66","35.000000"
"","","","1214556","07/06/2026 00:00:00","66","35.000000","1","66","35.000000"
"","","Lady Finger 12kg ","1214635","06/30/2026 00:00:00","36","72.000000","1","36","72.000000"
"","","","","","","","2","36","72.000000"
"","","","","","","","3","36","72.000000"
"","","","","","","","4","36","72.000000"
"","","","","","","","5","36","72.000000"
"","","Red Tips","1214635","06/30/2026 00:00:00","24","36.000000","1","24","36.000000"
"","","","","","","","2","24","36.000000"
"","","","","","","","3","24","36.000000"
"","","","","","","","4","24","36.000000"
"","","","","","","","5","24","36.000000"
"","","","1214639","07/03/2026 00:00:00","24","36.000000","1","24","36.000000"
"","","Ruby Rise Tray 6","1214554","07/01/2026 00:00:00","24","21.000000","1","24","21.000000"
"","","","","","","","2","24","21.000000"
"","","","","","","","3","24","21.000000"
"","","","","","","","4","24","21.000000"
"","","","1214556","07/06/2026 00:00:00","24","21.000000","1","24","21.000000"
"","Costa Farms Adelaide","15kg Exports","Week 26 - 112","06/30/2026 10:00:00","240","","1","240",""
"","","","Week 26 - 148","07/01/2026 12:00:00","360","","1","360",""
"","","","Week 27 - 111","07/07/2026 10:00:00","240","","1","240",""
"","","Green 10kg Carton Large","Week 26 - 923","06/30/2026 10:00:00","23","","2","23",""
"","","Green 10kg Carton XL","Week 26 - 923","06/30/2026 10:00:00","61","","1","144",""
"","","","","","","","2","61",""
"","","","Week 27 - 924","07/07/2026 10:00:00","144","","1","144",""
"","","Green 10kg Carton XXL","Week 26 - 923","06/30/2026 10:00:00","60","","2","60",""
"","","Large","Week 26 - 150","07/04/2026 12:00:00","240","","1","300",""
"","","","","","","","2","240",""
"","","","","","","","3","240",""
"","","Red Hill 10kg Large","Week 26 - 923","06/30/2026 10:00:00","54","","2","54",""
"","","Red Hill 10kg XL","Week 26 - 923","06/30/2026 10:00:00","88","","1","144",""
"","","","","","","","2","88",""
"","","","Week 27 - 924","07/07/2026 10:00:00","144","","1","144",""
"","","Red Hill 10kg XXXL","Week 26 - 923","06/30/2026 10:00:00","2","","2","2",""
"","Country Chef - Bells Creek","Store at temperatures from 0 to below 5°C","PO74741","07/03/2026 12:00:00","1344","","1","1344",""
"","","","PO74830","07/06/2026 12:00:00","1344","","1","1008",""
"","","","","","","","2","1344",""
"","","","PO74985","07/17/2026 12:00:00","1344","","1","1344",""
"","","","PO74986","07/24/2026 12:00:00","1344","","1","1344",""
"","","","","","","","2","1344",""
"","","","PO75098","07/31/2026 12:00:00","1008","","1","1008",""
"","","","PO75120","08/07/2026 12:00:00","1008","","1","1008",""
"","Doehler - Larapinta","Store at or below -18°C","31725851","09/01/2026 13:52:12","1152","","1","1152",""
"","Doehler Priestleys","Store at or below -18°C","PO31721681","07/22/2026 12:00:00","96","","1","96",""
"","Exotic Fruit Traders","Ruby Rise Tray 6","Week 27 - 918","07/06/2026 10:00:00","312","","1","312",""
"","Fairfield Fresh Market & Deli","15kg Ripes","FAIRFIELD - 01.07.26","07/01/2026 10:00:00","1","","1","1",""
"","","","FAIRFIELD - 03.07.26","07/03/2026 10:00:00","1","","1","1",""
"","Fergy's Food","Store at or below -18°C","113434","07/02/2026 12:00:00","192","","1","192",""
"","Gibb Bros","Ruby Rise Tray 6","Week 27 - 914","07/05/2026 10:00:00","312","","1","312",""
"","Harris Farm Markets","Large","Week 27 - 432","07/06/2026 10:00:00","198","","1","198",""
"","","Premiums","Week 27 - 432","07/06/2026 10:00:00","132","","1","132",""
"","Lamberts Produce","15kg Ripes","LAMBERTS - 01.07.26","07/01/2026 10:00:00","1","","1","1",""
"","","","LAMBERTS - 03.07.26","07/03/2026 10:00:00","1","","1","1",""
"","MM Ann Road","15kg Exports","Week 27 - 109","06/30/2026 10:00:00","600","","1","600",""
"","","","Week 27 - 406","06/30/2026 10:00:00","360","","1","360",""
"","","","","","","","2","360",""
"","","","Week 27 - 407","07/02/2026 10:00:00","540","","1","420",""
"","","","","","","","2","420",""
"","","","","","","","3","540",""
"","","","Week 27 - 123","07/02/2026 12:00:00","1200","","1","1200",""
"","","","Week 27 - 133","07/02/2026 12:00:00","600","","1","600",""
"","","","Week 27 - 140","07/06/2026 10:00:00","720","","1","720",""
"","","Avocado Hass Premium 20 Tray","Week 27 - 601","07/02/2026 12:00:00","1600","","1","1600",""
"","","Collars - WOW","Week 27 - 406","06/30/2026 10:00:00","144","","1","132",""
"","","","","","","","","12",""
"","","","","","","","2","144",""
"","","","Week 27 - 442","07/01/2026 12:00:00","55","","1","55",""
"","","","Week 27 - 407","07/02/2026 10:00:00","144","","1","132",""
"","","","","","","","","12",""
"","","","","","","","2","144",""
"","","","","","","","3","144",""
"","","","Week 27 - 409","07/02/2026 10:00:00","48","","1","48",""
"","","","Week 27 - 408","07/02/2026 10:00:00","60","","1","60",""
"","","","","","","","","132",""
"","","","Week 27 - 410","07/03/2026 10:00:00","42","","1","42",""
"","","","","","","","","198",""
"","","Kids Packs - Coles","Week 27 - 110","06/30/2026 10:00:00","132","","1","132",""
"","","","Week 27 - 133","07/02/2026 12:00:00","132","","1","132",""
"","","","Week 27 - 124","07/02/2026 12:00:00","264","","1","264",""
"","","Large","Week 27 - 108","06/30/2026 12:00:00","48","","1","48",""
"","","Red Hill 10kg XL","Week 27 - 910","07/02/2026 10:00:00","72","","1","72",""
"","","Ruby Rise Tray 6","Week 27 - 910","07/02/2026 10:00:00","48","","1","48",""
"","MM Epping","15kg Exports","Week 27 - 107","07/03/2026 10:00:00","600","","1","600",""
"","","Ruby Rise Tray 9","Week 27 - 909","07/03/2026 10:00:00","208","","1","208",""
"","","","Week 27 - 922","07/06/2026 10:00:00","104","","1","104",""
"","MM Larapinta","15kg Exports","Week 26 - 135","07/01/2026 10:00:00","1210","","1","108",""
"","","","","","","","","1200",""
"","","","","","","","2","1210",""
"","","","","","","","","98",""
"","","","Week 27 - 300","07/03/2026 10:00:00","108","","1","108",""
"","","","","","","","","1200",""
"","","","Week 27 - 411","07/04/2026 10:00:00","1320","","1","1320",""
"","","","Week 27 - 301","07/05/2026 10:00:00","108","","1","108",""
"","","","","","","","","1200",""
"","","","Week 27 - 412","07/06/2026 10:00:00","1320","","1","1320",""
"","","","Week 27 - 302","07/06/2026 10:00:00","108","","1","108",""
"","","","","","","","","1200",""
"","","Red Hill 10kg Large","Week 27 - 902","07/02/2026 12:00:00","268","","2","268",""
"","","","","","","","","6",""
"","","Red Hill 10kg XL","Week 27 - 902","07/02/2026 12:00:00","86","","1","360",""
"","","","","","","","2","86",""
"","","","Week 27 - 911","07/05/2026 10:00:00","864","","1","864",""
"","","Ruby Rise Tray 6","Week 27 - 912","07/05/2026 12:00:00","312","","1","312",""
"","","Ruby Rise Tray 9","Week 27 - 904","07/02/2026 10:00:00","104","","1","104",""
"","","","Week 27 - 913","07/05/2026 12:00:00","208","","1","208",""
"","MM Truganina","15kg Exports","Week 26 - 128","06/30/2026 10:00:00","1200","","1","1200",""
"","","","","","","","","108",""
"","","","","","","","2","1200",""
"","","","Week 26 - 127","06/30/2026 10:00:00","1320","","1","1320",""
"","","","Week 26 - 126","06/30/2026 10:00:00","1200","","1","1200",""
"","","","","","","","","108",""
"","","","","","","","2","1200",""
"","","","","","","","","108",""
"","","","","","","","3","1200",""
"","","","Week 26 - 129","06/30/2026 10:00:00","1200","","1","1200",""
"","","","","","","","","108",""
"","","","Week 26 - 130","06/30/2026 10:00:00","108","","1","108",""
"","","","","","","","","1200",""
"","","","Week 26 - 137","07/01/2026 10:00:00","1200","","1","1200",""
"","","","","","","","","108",""
"","","","","","","","2","1200",""
"","","","","","","","3","1200",""
"","","","","","","","","108",""
"","","","Week 26 - 138","07/01/2026 10:00:00","1200","","1","1200",""
"","","","","","","","","108",""
"","","","","","","","2","1200",""
"","","","","","","","","108",""
"","","","Week 26 - 136","07/01/2026 12:00:00","1320","","1","1320",""
"","","","Week 26 - 147","07/01/2026 12:00:00","1200","","1","1200",""
"","","","","","","","","108",""
"","","","Week 26 - 143","07/02/2026 10:00:00","1200","","1","108",""
"","","","","","","","","1200",""
"","","","","","","","2","1200",""
"","","","","","","","","108",""
"","","","Week 26 - 145","07/02/2026 10:00:00","108","","1","108",""
"","","","","","","","","1200",""
"","","","Week 26 - 144","07/02/2026 10:00:00","1200","","1","108",""
"","","","","","","","","1200",""
"","","","","","","","2","1200",""
"","","","Week 26 - 149 ","07/02/2026 12:00:00","1200","","1","1200",""
"","","","","","","","","108",""
"","","","Week 26 - 142","07/02/2026 12:00:00","1200","","1","1200",""
"","","","","","","","","108",""
"","","","Week 27 - 100","07/03/2026 10:00:00","1200","","1","1200",""
"","","","","","","","","108",""
"","","","Week 27 - 101","07/03/2026 10:00:00","1200","","1","1200",""
"","","","","","","","","108",""
"","","","Week 27 - 105","07/04/2026 10:00:00","108","","1","1200",""
"","","","","","","","","108",""
"","","","","","","","2","108",""
"","","","","","","","","1200",""
"","","","Week 27 - 104","07/04/2026 10:00:00","1200","","1","1200",""
"","","","","","","","","108",""
"","","","Week 27 - 103","07/04/2026 10:00:00","1200","","1","108",""
"","","","","","","","","1200",""
"","","","","","","","2","1200",""
"","","","Week 27 - 102","07/04/2026 10:00:00","108","","1","108",""
"","","","","","","","","1200",""
"","","","Week 27 - 113","07/05/2026 10:00:00","1200","","1","1200",""
"","","","","","","","","108",""
"","","","Week 27 - 112","07/05/2026 10:00:00","1200","","1","1200",""
"","","","","","","","","108",""
"","","","","","","","2","1200",""
"","","","Week 27 - 114","07/05/2026 10:00:00","1320","","1","1320",""
"","","","Week 27 - 118","07/06/2026 10:00:00","108","","1","108",""
"","","","","","","","","1200",""
"","","","Week 27 - 116","07/06/2026 10:00:00","108","","1","108",""
"","","","","","","","","1200",""
"","","","Week 27 - 117","07/06/2026 10:00:00","1320","","1","1320",""
"","","","Week 27 - 115","07/06/2026 12:00:00","1200","","1","1200",""
"","","","","","","","","108",""
"","","","Week 27 - 129","07/07/2026 10:00:00","1200","","1","1200",""
"","","","","","","","","108",""
"","","","Week 27 - 128","07/07/2026 10:00:00","1200","","1","1200",""
"","","","","","","","","108",""
"","","","Week 27 - 126","07/07/2026 10:00:00","1320","","1","1320",""
"","","","Week 27 - 125","07/07/2026 10:00:00","1200","","1","1200",""
"","","","","","","","","108",""
"","","","Week 27 - 127","07/07/2026 12:00:00","1200","","1","1200",""
"","","","","","","","","108",""
"","","","Week 27 - 136","07/08/2026 10:00:00","1200","","1","1200",""
"","","","","","","","","108",""
"","","","Week 27 - 137","07/08/2026 10:00:00","108","","1","108",""
"","","","","","","","","1200",""
"","","","Week 27 - 134","07/08/2026 10:00:00","1200","","1","1200",""
"","","","","","","","","108",""
"","","","Week 27 - 135","07/08/2026 10:00:00","1320","","1","1320",""
"","","","Week 27 - 141","07/09/2026 10:00:00","1200","","1","1200",""
"","","","","","","","","108",""
"","","","Week 27 - 142","07/09/2026 10:00:00","108","","1","108",""
"","","","","","","","","1200",""
"","","","Week 27 - 143","07/09/2026 10:00:00","1200","","1","1200",""
"","","","","","","","","108",""
"","","","Week 27 - 144","07/09/2026 10:00:00","108","","1","108",""
"","","","","","","","","1200",""
"","","","Week 27 - 145","07/10/2026 12:00:00","1200","","1","1200",""
"","","","","","","","","108",""
"","","Avocado Hass Premium 16 Tray","Week 26 - 614","07/01/2026 12:00:00","152","","2","152",""
"","","","Week 26 - 616","07/02/2026 12:00:00","7","","2","7",""
"","","Avocado Hass Premium 18 Tray","Week 26 - 614","07/01/2026 12:00:00","284","","2","284",""
"","","Avocado Hass Premium 20 Tray","Week 26 - 614","07/01/2026 12:00:00","12","","1","2240",""
"","","","","","","","2","12",""
"","","","Week 26 - 616","07/02/2026 12:00:00","466","","1","640",""
"","","","","","","","2","466",""
"","","","Week 27 - 600","07/03/2026 10:00:00","1600","","1","1600",""
"","","Kids Packs - Coles","Week 26 - 140","06/30/2026 12:00:00","660","","1","660",""
"","","","Week 26 - 139","07/01/2026 10:00:00","462","","1","396",""
"","","","","","","","2","462",""
"","","","Week 26 - 146","07/01/2026 10:00:00","858","","1","660",""
"","","","","","","","2","858",""
"","","","Week 26 - 144A","07/02/2026 12:00:00","132","","1","132",""
"","","","Week 27 - 106","07/03/2026 10:00:00","660","","1","660",""
"","","","Week 27 - 119","07/04/2026 10:00:00","660","","1","660",""
"","","","Week 27 - 132","07/04/2026 10:00:00","198","","1","198",""
"","","","Week 27 - 120","07/05/2026 10:00:00","528","","1","528",""
"","","","Week 27 - 131","07/06/2026 10:00:00","660","","1","660",""
"","","","Week 27 - 130","07/06/2026 10:00:00","132","","1","132",""
"","","","Week 27 - 139","07/07/2026 10:00:00","660","","1","660",""
"","","","Week 27 - 138","07/08/2026 10:00:00","396","","1","396",""
"","","","Week 27 - 146","07/08/2026 10:00:00","660","","1","660",""
"","","Ruby Rise Tray 6","Week 27 - 908","07/03/2026 10:00:00","104","","1","104",""
"","","","Week 27 - 921","07/06/2026 10:00:00","312","","1","312",""
"","Morco Fresh QLD","15kg Ripes","953019 - 02.07.26","07/02/2026 10:00:00","1","","1","1",""
"","Phil's Preferred Fruit","Avocado Hass Class 1 14 Tray","Week 26 - 604","06/30/2026 10:00:00","15","","2","15",""
"","","Avocado Hass Class 1 16 Tray","Week 26 - 604","06/30/2026 10:00:00","162","","2","162",""
"","","Avocado Hass Class 1 18 Tray","Week 26 - 604","06/30/2026 10:00:00","167","","2","167",""
"","","Avocado Hass Class 1 20 Tray","Week 26 - 604","06/30/2026 10:00:00","277","","2","277",""
"","","Avocado Hass Class 2S 10kg Carton","Week 26 - 604","06/30/2026 10:00:00","3","","2","3",""
"","","Avocado Hass Premium 14 Tray","Week 26 - 604","06/30/2026 10:00:00","3","","2","3",""
"","","AvocadoHassClass 1S10kg Carton","Week 26 - 604","06/30/2026 10:00:00","7","","2","7",""
"","","AvocadoHassClass 2L10kg Carton","Week 26 - 604","06/30/2026 10:00:00","56","","2","56",""
"","","AvocadoHassClass 2M10kg Carton","Week 26 - 604","06/30/2026 10:00:00","1","","1","384",""
"","","","","","","","2","1",""
"","","AvocadoHassClass 2M10kg Carton_I'm Perfect","Week 26 - 604","06/30/2026 10:00:00","18","","2","18",""
"","","AvocadoHassClass 2XL10kg Carton","Week 26 - 604","06/30/2026 10:00:00","103","","2","103",""
"","","AvocadoHassPremium 75/8510kg Carton","Week 26 - 604","06/30/2026 10:00:00","4","","2","4",""
"","Premier Fresh Melbourne","Large","Week 26 - 123","06/30/2026 10:00:00","66","","1","132",""
"","","","","","","","2","66",""
"","","","Week 27 - 122","07/07/2026 10:00:00","132","","1","132",""
"","Protein Shake - Cooloongatta","Store at or below -18°C","WK26271","07/01/2026 12:00:00","11","","1","11",""
"","PW Chew","15kg Exports","Week 26 - 440","06/30/2026 10:00:00","360","","1","360",""
"","","","Week 27 - 435","07/04/2026 10:00:00","240","","1","240",""
"","","","Week 27 - 436","07/06/2026 10:00:00","360","","1","360",""
"","","","Week 27 - 438","07/07/2026 10:00:00","360","","1","360",""
"","","Large","Week 26 - 439","06/30/2026 10:00:00","528","","1","528",""
"","","","Week 26 - 440","06/30/2026 10:00:00","264","","1","264",""
"","","","Week 27 - 435","07/04/2026 10:00:00","396","","1","396",""
"","","","Week 27 - 436","07/06/2026 10:00:00","396","","1","396",""
"","","","Week 27 - 438","07/07/2026 10:00:00","264","","1","264",""
"","","","Week 27 - 437","07/07/2026 10:00:00","528","","1","528",""
"","","Premiums","Week 26 - 440","06/30/2026 10:00:00","396","","1","396",""
"","","","Week 27 - 438","07/07/2026 10:00:00","396","","1","396",""
"","QP - Location","15kg Exports","Week 26 - 303","06/30/2026 10:00:00","900","","1","900",""
"","","","","","","","","36",""
"","","","Week 26 - 304","07/02/2026 10:00:00","900","","1","900",""
"","","","","","","","","36",""
"","","","Week 27 - 303","07/07/2026 10:00:00","720","","1","900",""
"","","","","","","","","36",""
"","","","","","","","2","720",""
"","","","","","","","","216",""
"","","","Week 27 - 304","07/09/2026 10:00:00","900","","1","900",""
"","","","","","","","","36",""
"","QPI","15kg Exports","Week 26 - 441","07/02/2026 10:00:00","1080","","1","360",""
"","","","","","","","2","1080",""
"","","","Week 27 - 439","07/09/2026 10:00:00","360","","1","360",""
"","","Large","Week 26 - 443","07/02/2026 10:00:00","132","","1","132",""
"","","","Week 26 - 441","07/02/2026 10:00:00","264","","1","264",""
"","","","","","","","2","264",""
"","","","Week 27 - 440","07/07/2026 12:00:00","132","","1","132",""
"","","","Week 27 - 439","07/09/2026 10:00:00","264","","1","264",""
"","","","Week 27 - 441","07/09/2026 10:00:00","132","","1","132",""
"","Remote Area Projects & Training","BananaCavendishProcessingMIXMegabin - Vented","","06/30/2026 12:00:00","2","180.000000","1","2","180.000000"
"","","","","07/07/2026 12:00:00","2","180.000000","1","2","180.000000"
"","Sage & Co ","15kg Ripes","Sage & Co - 30.06.26","06/30/2026 10:54:27","1","36.540000","1","1","36.540000"
"","Salad Bowl Fresh Produce","15kg Ripes","BOWL - 02.07.26","07/02/2026 10:00:00","1","","1","1",""
"","Sam Yick & Co","Red Hill 10kg Large","Week 27 - 925","07/03/2026 12:00:00","17","","1","17",""
"","","Red Hill 10kg XL","Week 27 - 925","07/03/2026 12:00:00","21","","1","21",""
"","","","Week 27 - 919","07/06/2026 10:00:00","288","","1","288",""
"","","Red Hill 10kg XXXL","Week 27 - 925","07/03/2026 12:00:00","1","","1","1",""
"","Sculli & Co","15kg Semi Ripe","","07/02/2026 12:00:00","600","","1","600",""
"","","Green 10kg Carton XL","Week 27 - 923","07/06/2026 10:00:00","144","","1","144",""
"","","Large","Sculli & Co - 30.06.26","06/30/2026 10:00:00","42","","1","42",""
"","","","","","","","","198",""
"","","Red Hill 10kg XL","Week 27 - 923","07/06/2026 10:00:00","432","","1","432",""
"","SHV Wholesalers","15kg Exports","Week 27 - 121","07/06/2026 10:00:00","960","","1","960",""
"","","Large","Week 27 - 121","07/06/2026 10:00:00","264","","1","264",""
"","Simon George Brisbane","15kg Ripes","SGBNE - 30.06.26","06/30/2026 10:00:00","60","36.000000","1","60","36.000000"
"","","","SGBNE - 01.07.26","07/01/2026 10:00:00","60","","1","60",""
"","","","SGBNE - 05.07.26","07/05/2026 10:00:00","60","","1","60",""
"","Simon George Townsville","15kg Ripes","21797 - 01.07.26","07/01/2026 10:00:00","54","37.000000","1","54","37.000000"
"","","","SGTV - 03.07.26","07/03/2026 10:00:00","1","","1","1",""
"","","Large","21797 - 01.07.26","07/01/2026 10:00:00","18","22.000000","1","18","22.000000"
"","","Red Hill 10kg XL","21797 - 01.07.26","07/01/2026 10:00:00","1","30.000000","1","1","30.000000"
"","Simply Fruits - Location","AvocadoHassClass 2M10kg Carton_5 Packs","Week 26 - 615","07/01/2026 12:00:00","576","","1","576",""
"","","","Week 27 - 602","07/03/2026 10:00:00","96","","1","96",""
"","","AvocadoHassClass 2M10kg Carton_I'm Perfect","Week 26 - 615","07/01/2026 12:00:00","96","","1","768",""
"","","","","","","","2","96",""
"","","","Week 27 - 602","07/03/2026 10:00:00","96","","1","96",""
"","SQBR","15kg Exports","Week 26 - 436","06/30/2026 10:00:00","240","","1","240",""
"","","","Week 26 - 435","06/30/2026 10:00:00","360","","1","360",""
"","","","","","","","2","360",""
"","","","Week 27 - 434","07/07/2026 10:00:00","240","","1","240",""
"","","","Week 27 - 433","07/07/2026 10:00:00","360","","1","360",""
"","","Large","Week 26 - 436","06/30/2026 10:00:00","132","","1","132",""
"","","","Week 26 - 435","06/30/2026 10:00:00","132","","1","264",""
"","","","","","","","2","132",""
"","","","Week 27 - 434","07/07/2026 10:00:00","132","","1","132",""
"","","","Week 27 - 433","07/07/2026 10:00:00","264","","1","264",""
"","","Red Hill 10kg XL","Week 27 - 915","07/05/2026 10:00:00","72","","1","72",""
"","Teitzel's SUPA IGA Tully","15kg Ripes","IGA - 30.06.26","06/30/2026 10:00:00","8","36.540000","1","8","36.540000"
"","","","IGA - 01.07.26","07/01/2026 10:00:00","1","","1","1",""
"","","","IGA - 02.07.26","07/02/2026 10:00:00","1","","1","1",""
"","","","IGA - 03.07.26","07/03/2026 10:00:00","1","","1","1",""
"","","","IGA - 04.07.26","07/04/2026 10:00:00","1","","1","1",""
"","","","IGA - 05.07.26","07/05/2026 10:00:00","1","","1","1",""
"","Woolworths Brisbane","15kg Exports","0111142920","06/30/2026 00:00:00","840","37.680000","1","840","37.680000"
"","","","0111143334","06/30/2026 00:00:00","1308","37.680000","1","1330","37.680000"
"","","","","","","","2","1308","37.680000"
"","","","Week 26 - 420 - 111142920","06/30/2026 10:00:00","840","","1","840",""
"","","","Week 26 - 421 - 111143334","06/30/2026 10:00:00","1200","","1","108",""
"","","","","","","","","1200",""
"","","","","","","","2","1200",""
"","","","","","","","","108",""
"","","","0111192013","07/01/2026 00:00:00","840","37.680000","1","840","37.680000"
"","","","0111143330","07/01/2026 00:00:00","1308","37.680000","1","1308","37.680000"
"","","","0111142921","07/01/2026 00:00:00","840","37.680000","1","840","37.680000"
"","","","Week 26 - 422 - 111192013","07/01/2026 10:00:00","840","","1","840",""
"","","","Week 26 - 415 - 111192013","07/01/2026 10:00:00","840","","1","840",""
"","","","","","","","2","840",""
"","","","","","","","3","840",""
"","","","","","","","4","840",""
"","","","Week 26 - 445 - 111143330","07/01/2026 12:00:00","108","","1","108",""
"","","","","","","","","1200",""
"","","","","","","","2","108",""
"","","","","","","","","1200",""
"","","","0111180723","07/02/2026 00:00:00","840","37.680000","1","840","37.680000"
"","","","0111143335","07/02/2026 00:00:00","1308","37.680000","1","1330","37.680000"
"","","","","","","","2","1308","37.680000"
"","","","0111142922","07/02/2026 00:00:00","840","37.680000","1","840","37.680000"
"","","","Week 26 - 426 - 111143335","07/02/2026 10:00:00","1200","","1","1200",""
"","","","","","","","","108",""
"","","","Week 26 - 425 - 111142922","07/02/2026 10:00:00","840","","1","840",""
"","","","Week 26 - 448 - 111180723","07/02/2026 12:00:00","840","","1","840",""
"","","","0111143331","07/03/2026 00:00:00","1308","37.680000","1","1308","37.680000"
"","","","Week 27 - 413 - 111142923","07/03/2026 10:00:00","960","","1","960",""
"","","","Week 27 - 414 - 111143331","07/03/2026 10:00:00","108","","1","108",""
"","","","","","","","","1200",""
"","","","Week 27 - 416 - 111143332","07/04/2026 10:00:00","1200","","1","1200",""
"","","","","","","","","108",""
"","","","Week 27 - 415 - 111142924","07/04/2026 10:00:00","108","","1","108",""
"","","","","","","","","1200",""
"","","","Week 27 - 417 - 111143336","07/04/2026 10:00:00","108","","1","108",""
"","","","","","","","","1200",""
"","","","Week 27 - 418 - 111142925","07/06/2026 10:00:00","108","","1","108",""
"","","","","","","","","1200",""
"","","","Week 27 - 420 - 111143337","07/06/2026 10:00:00","1200","","1","1200",""
"","","","","","","","","108",""
"","","","Week 27 - 419 - 111142926","07/06/2026 10:00:00","960","","1","960",""
"","","","Week 27 - 422 - 111172811","07/07/2026 10:00:00","600","","1","600",""
"","","","Week 27 - 421 - 111143333","07/07/2026 10:00:00","108","","1","108",""
"","","","","","","","","1200",""
"","","","Week 27 - 423 - 111172812","07/08/2026 10:00:00","960","","1","960",""
"","","","Week 27 - 424 - 111172813","07/09/2026 10:00:00","960","","1","960",""
"","","Collars - WOW","0111142920","06/30/2026 00:00:00","528","39.600000","1","528","39.600000"
"","","","Week 26 - 420 - 111142920","06/30/2026 10:00:00","528","","1","528",""
"","","","0111192013","07/01/2026 00:00:00","528","39.600000","1","528","39.600000"
"","","","0111142921","07/01/2026 00:00:00","528","39.600000","1","528","39.600000"
"","","","Week 26 - 423 - 111192013","07/01/2026 10:00:00","330","","1","330",""
"","","","Week 26 - 422 - 111192013","07/01/2026 10:00:00","198","","1","198",""
"","","","","","","","2","198",""
"","","","0111142922","07/02/2026 00:00:00","330","39.600000","1","528","39.600000"
"","","","","","","","2","528","39.600000"
"","","","","","","","3","330","39.600000"
"","","","Week 26 - 425 - 111142922","07/02/2026 10:00:00","132","","1","528",""
"","","","","","","","2","264",""
"","","","","","","","3","132",""
"","","","Week 26 - 447 - 111142922","07/02/2026 12:00:00","198","","1","264",""
"","","","","","","","2","198",""
"","","","Week 27 - 419 - 111142926","07/06/2026 10:00:00","396","","1","396",""
"","","","Week 27 - 422 - 111172811","07/07/2026 10:00:00","60","","1","60",""
"","","","","","","","","660",""
"","","","Week 27 - 423 - 111172812","07/08/2026 10:00:00","396","","1","396",""
"","","","Week 27 - 424 - 111172813","07/09/2026 10:00:00","396","","1","396",""
"","","Red Hill 10kg Small","0111167434","06/30/2026 00:00:00","504","25.000000","1","648","25.000000"
"","","","","","","","2","504","25.000000"
"","","","0111167435","07/03/2026 00:00:00","576","25.000000","2","576","25.000000"
"","Woolworths Melbourne Fresh (Truganina)","PassionfruitPanamaPremium 555kg Carton","0111180728","06/30/2026 00:00:00","126","40.500000","1","126","40.500000"
"","","Red Hill 10kg Large","Week 26 - 919 - 111167438","06/30/2026 10:00:00","380","","3","380",""
"","","","Week 27 - 907 - 111167439","07/04/2026 10:00:00","225","","2","225",""
"","","Red Hill 10kg Small","0111167438","06/30/2026 00:00:00","432","27.000000","1","432","27.000000"
"","","","0111167439","07/04/2026 00:00:00","360","27.000000","2","360","27.000000"
"","","Red Hill 10kg XL","Week 26 - 919 - 111167438","06/30/2026 10:00:00","24","","1","432",""
"","","","","","","","2","432",""
"","","","","","","","3","24",""
"","","","Week 27 - 907 - 111167439","07/04/2026 10:00:00","132","","1","360",""
"","","","","","","","2","132",""
"","","","Week 27 - 920 - TBC","07/07/2026 10:00:00","432","","1","432",""
"","","Red Hill 10kg XXXL","Week 26 - 919 - 111167438","06/30/2026 10:00:00","28","","3","28",""
"","","","Week 27 - 907 - 111167439","07/04/2026 10:00:00","3","","2","3",""
"","Woolworths Minchinbury","Red Hill 10kg Large","Week 26 - 915 - 111167436","06/30/2026 10:00:00","400","","3","400",""
"","","","Week 27 - 905 - 111167437","07/04/2026 10:00:00","254","","2","254",""
"","","Red Hill 10kg Small","0111167436","06/30/2026 00:00:00","432","26.000000","1","432","26.000000"
"","","","0111167437","07/04/2026 00:00:00","360","26.000000","2","360","26.000000"
"","","Red Hill 10kg XL","Week 26 - 915 - 111167436","06/30/2026 10:00:00","20","","1","432",""
"","","","","","","","2","432",""
"","","","","","","","3","20",""
"","","","Week 27 - 905 - 111167437","07/04/2026 10:00:00","104","","1","360",""
"","","","","","","","2","104",""
"","","","Week 27 - 916 - TBC","07/07/2026 10:00:00","432","","1","432",""
"","","Red Hill 10kg XXXL","Week 26 - 915 - 111167436","06/30/2026 10:00:00","12","","3","12",""
"","","","Week 27 - 905 - 111167437","07/04/2026 10:00:00","2","","2","2",""
"","Woolworths Tasmania","15kg Exports","Week 26 - 428 - 111142934","06/30/2026 10:00:00","600","","1","600",""
"","","","0111142934","06/30/2026 12:00:00","600","36.520000","1","600","36.520000"
"","","","Week 26 - 429 - 111142935","07/01/2026 10:00:00","600","","1","600",""
"","","","0111142935","07/01/2026 12:00:00","600","36.520000","1","600","36.520000"
"","","","Week 26 - 430 - 111142936","07/02/2026 10:00:00","480","","1","600",""
"","","","","","","","2","480",""
"","","","0111142936","07/02/2026 12:00:00","480","36.520000","1","600","36.520000"
"","","","","","","","2","480","36.520000"
"","","","Week 26 - 431 - 111142937","07/03/2026 10:00:00","480","","1","600",""
"","","","","","","","2","480",""
"","","","0111142937","07/03/2026 12:00:00","480","36.520000","1","600","36.520000"
"","","","","","","","2","480","36.520000"
"","","","Week 26 - 432 - 111142938","07/04/2026 10:00:00","480","","1","600",""
"","","","","","","","2","600",""
"","","","","","","","3","480",""
"","","","0111142938","07/04/2026 12:00:00","480","36.520000","1","600","36.520000"
"","","","","","","","2","600","36.520000"
"","","","","","","","3","480","36.520000"
"","","","Week 26 - 433 - 111142939","07/05/2026 10:00:00","600","","1","600",""
"","","","0111142939","07/05/2026 12:00:00","600","36.520000","1","600","36.520000"
"","","","Week 27 - 425 - 111142940","07/06/2026 10:00:00","600","","1","600",""
"","","","0111142940","07/06/2026 12:00:00","600","36.520000","1","600","36.520000"
"","","","Week 27 - 426 - 111172825","07/07/2026 10:00:00","480","","1","480",""
"","","","0111172825","07/07/2026 12:00:00","480","36.520000","1","480","36.520000"
"","","","Week 27 - 427 - 111172826","07/08/2026 10:00:00","600","","1","600",""
"","","","Week 27 - 428 - 111172827","07/09/2026 10:00:00","540","","1","480",""
"","","","","","","","2","540",""
"","","","0111172827","07/09/2026 12:00:00","540","36.520000","1","480","36.520000"
"","","","","","","","2","540","36.520000"
"","","","Week 27 - 429 - 111172828","07/10/2026 10:00:00","600","","1","480",""
"","","","","","","","2","600",""
"","","","0111172828","07/10/2026 12:00:00","600","36.520000","1","480","36.520000"
"","","","","","","","2","600","36.520000"
"","","","Week 27 - 430 - 111172829","07/11/2026 10:00:00","540","","1","540",""
"","","","0111172829","07/11/2026 12:00:00","540","36.520000","1","540","36.520000"
"","","","Week 27 - 431 - 111172830","07/12/2026 10:00:00","540","","1","540",""
"","","","0111172830","07/12/2026 12:00:00","540","36.520000","1","540","36.520000"
"","","","0111172831","07/13/2026 12:00:00","600","36.520000","1","600","36.520000"
"","","Collars - WOW","Week 26 - 428 - 111142934","06/30/2026 10:00:00","132","","1","132",""
"","","","0111142934","06/30/2026 12:00:00","132","39.600000","1","132","39.600000"
"","","","Week 26 - 429 - 111142935","07/01/2026 10:00:00","66","","1","66",""
"","","","0111142935","07/01/2026 12:00:00","66","39.600000","1","66","39.600000"
"","","","Week 26 - 430 - 111142936","07/02/2026 10:00:00","132","","1","132",""
"","","","","","","","2","132",""
"","","","0111142936","07/02/2026 12:00:00","132","39.600000","1","132","39.600000"
"","","","","","","","2","132","39.600000"
"","","","Week 26 - 431 - 111142937","07/03/2026 10:00:00","132","","1","132",""
"","","","","","","","2","132",""
"","","","0111142937","07/03/2026 12:00:00","132","39.600000","1","132","39.600000"
"","","","","","","","2","132","39.600000"
"","","","Week 26 - 432 - 111142938","07/04/2026 10:00:00","132","","1","66",""
"","","","","","","","2","132",""
"","","","","","","","3","132",""
"","","","0111142938","07/04/2026 12:00:00","132","39.600000","1","66","39.600000"
"","","","","","","","2","132","39.600000"
"","","","","","","","3","132","39.600000"
"","","","Week 26 - 433 - 111142939","07/05/2026 10:00:00","132","","1","132",""
"","","","0111142939","07/05/2026 12:00:00","132","39.600000","1","132","39.600000"
"","","","Week 27 - 425 - 111142940","07/06/2026 10:00:00","132","","1","132",""
"","","","0111142940","07/06/2026 12:00:00","132","39.600000","1","132","39.600000"
"","","","Week 27 - 426 - 111172825","07/07/2026 10:00:00","264","","1","264",""
"","","","0111172825","07/07/2026 12:00:00","264","36.000000","1","264","36.000000"
"","","","Week 27 - 427 - 111172826","07/08/2026 10:00:00","198","","1","198",""
"","","","Week 27 - 428 - 111172827","07/09/2026 10:00:00","132","","1","132",""
"","","","","","","","2","132",""
"","","","0111172827","07/09/2026 12:00:00","132","36.000000","1","132","36.000000"
"","","","","","","","2","132","36.000000"
"","","","Week 27 - 429 - 111172828","07/10/2026 10:00:00","132","","1","132",""
"","","","","","","","2","132",""
"","","","0111172828","07/10/2026 12:00:00","132","36.000000","1","132","36.000000"
"","","","","","","","2","132","36.000000"
"","","","Week 27 - 430 - 111172829","07/11/2026 10:00:00","198","","1","198",""
"","","","0111172829","07/11/2026 12:00:00","198","36.000000","1","198","36.000000"
"","","","Week 27 - 431 - 111172830","07/12/2026 10:00:00","132","","1","132",""
"","","","0111172830","07/12/2026 12:00:00","132","36.000000","1","132","36.000000"
"","","","0111172831","07/13/2026 12:00:00","132","36.000000","1","132","36.000000"
"","Woolworths Townsville","15kg Exports","0111142927","06/30/2026 07:00:00","420","36.810000","1","420","36.810000"
"","","","","","","","2","420","36.810000"
"","","","Week 26 - 406 - 111142927","06/30/2026 10:00:00","420","","1","420",""
"","","","0111142928","07/01/2026 07:00:00","360","36.810000","1","420","36.810000"
"","","","","","","","2","420","36.810000"
"","","","","","","","3","360","36.810000"
"","","","","","","","4","360","36.810000"
"","","","Week 26 - 446 - 111142928","07/01/2026 12:00:00","360","","1","420",""
"","","","","","","","2","360",""
"","","","0111142929","07/02/2026 07:00:00","540","36.810000","1","480","36.810000"
"","","","","","","","2","540","36.810000"
"","","","","","","","3","540","36.810000"
"","","","Week 27 - 400 - 111142929","07/02/2026 10:00:00","540","","1","480",""
"","","","","","","","2","540",""
"","","","0111142930","07/03/2026 07:00:00","480","36.810000","1","480","36.810000"
"","","","","","","","2","480","36.810000"
"","","","Week 27 - 401 - 111142930","07/03/2026 10:00:00","480","","1","480",""
"","","","0111142931","07/04/2026 07:00:00","660","36.810000","1","600","36.810000"
"","","","","","","","3","660","36.810000"
"","","","Week 27 - 402 - 111142931","07/04/2026 10:00:00","660","","1","600",""
"","","","","","","","2","720",""
"","","","","","","","3","660",""
"","","","Week 27 - 403 - 111142932","07/05/2026 10:00:00","540","","1","540",""
"","","","Week 27 - 404 - 111142933","07/06/2026 10:00:00","480","","1","480",""
"","","","Week 27 - 405 - 111172818","07/07/2026 10:00:00","480","","1","480",""
"","","15kg Ripes","0111142928","07/01/2026 07:00:00","120","38.660000","4","120","38.660000"
"","","15kg Semi Ripe","0111142927","06/30/2026 07:00:00","60","38.660000","1","60","38.660000"
"","","","","","","","2","60","38.660000"
"","","","0111142928","07/01/2026 07:00:00","120","38.660000","1","120","38.660000"
"","","","","","","","2","120","38.660000"
"","","","","","","","3","120","38.660000"
"","","","","","","","4","120","38.660000"
"","","","0111142929","07/02/2026 07:00:00","120","38.660000","1","120","38.660000"
"","","","","","","","2","120","38.660000"
"","","","","","","","3","120","38.660000"
"","","","0111142930","07/03/2026 07:00:00","120","38.660000","1","120","38.660000"
"","","","","","","","2","120","38.660000"
"","","","0111142931","07/04/2026 07:00:00","120","38.660000","1","120","38.660000"
"","","","","","","","3","120","38.660000"
"","","BananaCavendishPremiumL450gCollarsRipe","0111142927","06/30/2026 07:00:00","72","41.600000","1","72","41.600000"
"","","","0111142928","07/01/2026 07:00:00","72","41.600000","1","144","41.600000"
"","","","","","","","2","72","41.600000"
"","","","","","","","3","72","41.600000"
"","","","","","","","4","72","41.600000"
"","","","0111142929","07/02/2026 07:00:00","96","41.600000","1","72","41.600000"
"","","","","","","","2","72","41.600000"
"","","","","","","","3","96","41.600000"
"","","","0111142930","07/03/2026 07:00:00","60","41.600000","1","72","41.600000"
"","","","","","","","2","60","41.600000"
"","","","0111142931","07/04/2026 07:00:00","120","41.600000","1","144","41.600000"
"","","","","","","","3","120","41.600000"
"","","Red Hill 10kg Small","0111167432","06/30/2026 07:00:00","144","25.000000","1","144","25.000000"
